data,hora_inicio,hora_fim,equipamento,potencia_W
2024-01-01,19:00,23:00,PC Gamer,400
2024-01-01,19:00,22:00,Monitor,40
2024-01-01,20:00,23:00,Ar-condicionado,900
2024-01-01,20:00,00:00,Lâmpada LED,10
2024-01-01,00:00,00:00,Roteador Wi-Fi,8
2024-01-01,23:00,00:00,Carregador Celular,15
2024-01-02,18:00,21:00,PC Gamer,400
2024-01-02,18:00,21:00,Monitor,40
2024-01-02,20:00,23:00,Ar-condicionado,900
2024-01-02,19:00,23:00,Lâmpada LED,10
2024-01-02,00:00,00:00,Roteador Wi-Fi,8
2024-01-02,22:00,00:00,Carregador Celular,15
2024-01-03,17:00,21:00,PC Gamer,400
2024-01-03,17:00,20:00,Monitor,40
2024-01-03,20:00,22:00,Ar-condicionado,900
2024-01-03,20:00,01:00,Lâmpada LED,10
2024-01-03,00:00,00:00,Roteador Wi-Fi,8
2024-01-03,21:00,22:00,Carregador Celular,15
2024-01-04,20:00,00:00,PC Gamer,400
2024-01-04,20:00,00:00,Monitor,40
2024-01-04,18:00,20:00,Ar-condicionado,900
2024-01-04,19:00,23:00,Lâmpada LED,10
2024-01-04,00:00,00:00,Roteador Wi-Fi,8
2024-01-04,23:00,00:00,Carregador Celular,15
2024-01-05,17:00,21:00,PC Gamer,400
2024-01-05,17:00,21:00,Monitor,40
2024-01-05,20:00,22:00,Ar-condicionado,900
2024-01-05,20:00,00:00,Lâmpada LED,10
2024-01-05,00:00,00:00,Roteador Wi-Fi,8
2024-01-05,21:00,23:00,Carregador Celular,15
2024-01-06,20:00,02:00,PC Gamer,400
2024-01-06,20:00,02:00,Monitor,40
2024-01-06,20:00,23:00,Ar-condicionado,900
2024-01-06,20:00,02:00,Lâmpada LED,10
2024-01-06,00:00,00:00,Roteador Wi-Fi,8
2024-01-06,23:00,00:00,Carregador Celular,15
2024-01-07,20:00,02:00,PC Gamer,400
2024-01-07,20:00,01:00,Monitor,40
2024-01-07,20:00,00:00,Ar-condicionado,900
2024-01-07,19:00,01:00,Lâmpada LED,10
2024-01-07,00:00,00:00,Roteador Wi-Fi,8
2024-01-07,21:00,22:00,Carregador Celular,15
2024-01-08,19:00,23:00,PC Gamer,400
2024-01-08,19:00,22:00,Monitor,40
2024-01-08,19:00,21:00,Ar-condicionado,900
2024-01-08,18:00,22:00,Lâmpada LED,10
2024-01-08,00:00,00:00,Roteador Wi-Fi,8
2024-01-08,23:00,01:00,Carregador Celular,15
2024-01-09,20:00,23:00,PC Gamer,400
2024-01-09,20:00,23:00,Monitor,40
2024-01-09,20:00,23:00,Ar-condicionado,900
2024-01-09,18:00,23:00,Lâmpada LED,10
2024-01-09,00:00,00:00,Roteador Wi-Fi,8
2024-01-09,22:00,23:00,Carregador Celular,15
2024-01-10,19:00,23:00,PC Gamer,400
2024-01-10,19:00,22:00,Monitor,40
2024-01-10,20:00,23:00,Ar-condicionado,900
2024-01-10,19:00,00:00,Lâmpada LED,10
2024-01-10,00:00,00:00,Roteador Wi-Fi,8
2024-01-10,23:00,00:00,Carregador Celular,15
2024-01-11,20:00,00:00,PC Gamer,400
2024-01-11,20:00,23:00,Monitor,40
2024-01-11,19:00,22:00,Ar-condicionado,900
2024-01-11,20:00,00:00,Lâmpada LED,10
2024-01-11,00:00,00:00,Roteador Wi-Fi,8
2024-01-11,21:00,22:00,Carregador Celular,15
2024-01-12,18:00,22:00,PC Gamer,400
2024-01-12,18:00,22:00,Monitor,40
2024-01-12,18:00,21:00,Ar-condicionado,900
2024-01-12,19:00,00:00,Lâmpada LED,10
2024-01-12,00:00,00:00,Roteador Wi-Fi,8
2024-01-12,22:00,23:00,Carregador Celular,15
2024-01-13,17:00,22:00,PC Gamer,400
2024-01-13,17:00,23:00,Monitor,40
2024-01-13,20:00,00:00,Ar-condicionado,900
2024-01-13,19:00,02:00,Lâmpada LED,10
2024-01-13,00:00,00:00,Roteador Wi-Fi,8
2024-01-13,21:00,22:00,Carregador Celular,15
2024-01-14,17:00,22:00,PC Gamer,400
2024-01-14,17:00,22:00,Monitor,40
2024-01-14,18:00,21:00,Ar-condicionado,900
2024-01-14,20:00,03:00,Lâmpada LED,10
2024-01-14,00:00,00:00,Roteador Wi-Fi,8
2024-01-14,21:00,22:00,Carregador Celular,15
2024-01-15,18:00,21:00,PC Gamer,400
2024-01-15,18:00,21:00,Monitor,40
2024-01-15,20:00,22:00,Ar-condicionado,900
2024-01-15,19:00,00:00,Lâmpada LED,10
2024-01-15,00:00,00:00,Roteador Wi-Fi,8
2024-01-15,22:00,23:00,Carregador Celular,15
2024-01-16,17:00,20:00,PC Gamer,400
2024-01-16,17:00,20:00,Monitor,40
2024-01-16,20:00,22:00,Ar-condicionado,900
2024-01-16,19:00,23:00,Lâmpada LED,10
2024-01-16,00:00,00:00,Roteador Wi-Fi,8
2024-01-16,21:00,22:00,Carregador Celular,15
2024-01-17,18:00,21:00,PC Gamer,400
2024-01-17,18:00,22:00,Monitor,40
2024-01-17,20:00,23:00,Ar-condicionado,900
2024-01-17,19:00,00:00,Lâmpada LED,10
2024-01-17,00:00,00:00,Roteador Wi-Fi,8
2024-01-17,23:00,00:00,Carregador Celular,15
2024-01-18,18:00,22:00,PC Gamer,400
2024-01-18,18:00,21:00,Monitor,40
2024-01-18,20:00,23:00,Ar-condicionado,900
2024-01-18,20:00,01:00,Lâmpada LED,10
2024-01-18,00:00,00:00,Roteador Wi-Fi,8
2024-01-18,23:00,00:00,Carregador Celular,15
2024-01-19,20:00,00:00,PC Gamer,400
2024-01-19,20:00,23:00,Monitor,40
2024-01-19,20:00,22:00,Ar-condicionado,900
2024-01-19,20:00,00:00,Lâmpada LED,10
2024-01-19,00:00,00:00,Roteador Wi-Fi,8
2024-01-19,21:00,22:00,Carregador Celular,15
2024-01-20,17:00,23:00,PC Gamer,400
2024-01-20,17:00,23:00,Monitor,40
2024-01-20,19:00,22:00,Ar-condicionado,900
2024-01-20,18:00,01:00,Lâmpada LED,10
2024-01-20,00:00,00:00,Roteador Wi-Fi,8
2024-01-20,21:00,23:00,Carregador Celular,15
2024-01-21,17:00,22:00,PC Gamer,400
2024-01-21,17:00,23:00,Monitor,40
2024-01-21,20:00,23:00,Ar-condicionado,900
2024-01-21,19:00,01:00,Lâmpada LED,10
2024-01-21,00:00,00:00,Roteador Wi-Fi,8
2024-01-21,23:00,00:00,Carregador Celular,15
2024-01-22,19:00,23:00,PC Gamer,400
2024-01-22,19:00,22:00,Monitor,40
2024-01-22,19:00,22:00,Ar-condicionado,900
2024-01-22,19:00,00:00,Lâmpada LED,10
2024-01-22,00:00,00:00,Roteador Wi-Fi,8
2024-01-22,21:00,22:00,Carregador Celular,15
2024-01-23,18:00,22:00,PC Gamer,400
2024-01-23,18:00,22:00,Monitor,40
2024-01-23,18:00,21:00,Ar-condicionado,900
2024-01-23,20:00,01:00,Lâmpada LED,10
2024-01-23,00:00,00:00,Roteador Wi-Fi,8
2024-01-23,21:00,23:00,Carregador Celular,15
2024-01-24,18:00,22:00,PC Gamer,400
2024-01-24,18:00,21:00,Monitor,40
2024-01-24,18:00,20:00,Ar-condicionado,900
2024-01-24,20:00,00:00,Lâmpada LED,10
2024-01-24,00:00,00:00,Roteador Wi-Fi,8
2024-01-24,23:00,00:00,Carregador Celular,15
2024-01-25,17:00,20:00,PC Gamer,400
2024-01-25,17:00,21:00,Monitor,40
2024-01-25,19:00,22:00,Ar-condicionado,900
2024-01-25,20:00,01:00,Lâmpada LED,10
2024-01-25,00:00,00:00,Roteador Wi-Fi,8
2024-01-25,23:00,00:00,Carregador Celular,15
2024-01-26,18:00,21:00,PC Gamer,400
2024-01-26,18:00,21:00,Monitor,40
2024-01-26,20:00,23:00,Ar-condicionado,900
2024-01-26,20:00,01:00,Lâmpada LED,10
2024-01-26,00:00,00:00,Roteador Wi-Fi,8
2024-01-26,23:00,00:00,Carregador Celular,15
2024-01-27,17:00,22:00,PC Gamer,400
2024-01-27,17:00,23:00,Monitor,40
2024-01-27,20:00,00:00,Ar-condicionado,900
2024-01-27,20:00,02:00,Lâmpada LED,10
2024-01-27,00:00,00:00,Roteador Wi-Fi,8
2024-01-27,22:00,00:00,Carregador Celular,15
2024-01-28,20:00,02:00,PC Gamer,400
2024-01-28,20:00,01:00,Monitor,40
2024-01-28,20:00,23:00,Ar-condicionado,900
2024-01-28,19:00,01:00,Lâmpada LED,10
2024-01-28,00:00,00:00,Roteador Wi-Fi,8
2024-01-28,22:00,23:00,Carregador Celular,15
2024-01-29,18:00,21:00,PC Gamer,400
2024-01-29,18:00,22:00,Monitor,40
2024-01-29,20:00,22:00,Ar-condicionado,900
2024-01-29,19:00,00:00,Lâmpada LED,10
2024-01-29,00:00,00:00,Roteador Wi-Fi,8
2024-01-29,23:00,01:00,Carregador Celular,15
2024-01-30,19:00,23:00,PC Gamer,400
2024-01-30,19:00,22:00,Monitor,40
2024-01-30,18:00,20:00,Ar-condicionado,900
2024-01-30,20:00,01:00,Lâmpada LED,10
2024-01-30,00:00,00:00,Roteador Wi-Fi,8
2024-01-30,22:00,23:00,Carregador Celular,15
2024-01-31,19:00,23:00,PC Gamer,400
2024-01-31,19:00,22:00,Monitor,40
2024-01-31,19:00,21:00,Ar-condicionado,900
2024-01-31,18:00,22:00,Lâmpada LED,10
2024-01-31,00:00,00:00,Roteador Wi-Fi,8
2024-01-31,22:00,23:00,Carregador Celular,15
2024-02-01,19:00,23:00,PC Gamer,400
2024-02-01,19:00,22:00,Monitor,40
2024-02-01,19:00,21:00,Ar-condicionado,900
2024-02-01,20:00,01:00,Lâmpada LED,10
2024-02-01,00:00,00:00,Roteador Wi-Fi,8
2024-02-01,22:00,23:00,Carregador Celular,15
2024-02-02,17:00,20:00,PC Gamer,400
2024-02-02,17:00,21:00,Monitor,40
2024-02-02,19:00,21:00,Ar-condicionado,900
2024-02-02,20:00,01:00,Lâmpada LED,10
2024-02-02,00:00,00:00,Roteador Wi-Fi,8
2024-02-02,21:00,22:00,Carregador Celular,15
2024-02-03,20:00,01:00,PC Gamer,400
2024-02-03,20:00,02:00,Monitor,40
2024-02-03,20:00,23:00,Ar-condicionado,900
2024-02-03,18:00,00:00,Lâmpada LED,10
2024-02-03,00:00,00:00,Roteador Wi-Fi,8
2024-02-03,22:00,23:00,Carregador Celular,15
2024-02-04,20:00,02:00,PC Gamer,400
2024-02-04,20:00,02:00,Monitor,40
2024-02-04,19:00,22:00,Ar-condicionado,900
2024-02-04,18:00,00:00,Lâmpada LED,10
2024-02-04,00:00,00:00,Roteador Wi-Fi,8
2024-02-04,21:00,23:00,Carregador Celular,15
2024-02-05,18:00,22:00,PC Gamer,400
2024-02-05,18:00,21:00,Monitor,40
2024-02-05,19:00,21:00,Ar-condicionado,900
2024-02-05,19:00,00:00,Lâmpada LED,10
2024-02-05,00:00,00:00,Roteador Wi-Fi,8
2024-02-05,21:00,22:00,Carregador Celular,15
2024-02-06,17:00,21:00,PC Gamer,400
2024-02-06,17:00,21:00,Monitor,40
2024-02-06,19:00,22:00,Ar-condicionado,900
2024-02-06,18:00,23:00,Lâmpada LED,10
2024-02-06,00:00,00:00,Roteador Wi-Fi,8
2024-02-06,21:00,22:00,Carregador Celular,15
2024-02-07,17:00,20:00,PC Gamer,400
2024-02-07,17:00,21:00,Monitor,40
2024-02-07,18:00,20:00,Ar-condicionado,900
2024-02-07,20:00,01:00,Lâmpada LED,10
2024-02-07,00:00,00:00,Roteador Wi-Fi,8
2024-02-07,22:00,00:00,Carregador Celular,15
2024-02-08,17:00,21:00,PC Gamer,400
2024-02-08,17:00,21:00,Monitor,40
2024-02-08,19:00,22:00,Ar-condicionado,900
2024-02-08,20:00,01:00,Lâmpada LED,10
2024-02-08,00:00,00:00,Roteador Wi-Fi,8
2024-02-08,22:00,23:00,Carregador Celular,15
2024-02-09,19:00,22:00,PC Gamer,400
2024-02-09,19:00,23:00,Monitor,40
2024-02-09,19:00,22:00,Ar-condicionado,900
2024-02-09,19:00,23:00,Lâmpada LED,10
2024-02-09,00:00,00:00,Roteador Wi-Fi,8
2024-02-09,23:00,00:00,Carregador Celular,15
2024-02-10,18:00,00:00,PC Gamer,400
2024-02-10,18:00,23:00,Monitor,40
2024-02-10,20:00,23:00,Ar-condicionado,900
2024-02-10,20:00,02:00,Lâmpada LED,10
2024-02-10,00:00,00:00,Roteador Wi-Fi,8
2024-02-10,23:00,00:00,Carregador Celular,15
2024-02-11,18:00,00:00,PC Gamer,400
2024-02-11,18:00,00:00,Monitor,40
2024-02-11,18:00,22:00,Ar-condicionado,900
2024-02-11,20:00,02:00,Lâmpada LED,10
2024-02-11,00:00,00:00,Roteador Wi-Fi,8
2024-02-11,22:00,23:00,Carregador Celular,15
2024-02-12,20:00,23:00,PC Gamer,400
2024-02-12,20:00,23:00,Monitor,40
2024-02-12,20:00,23:00,Ar-condicionado,900
2024-02-12,18:00,23:00,Lâmpada LED,10
2024-02-12,00:00,00:00,Roteador Wi-Fi,8
2024-02-12,21:00,23:00,Carregador Celular,15
2024-02-13,19:00,22:00,PC Gamer,400
2024-02-13,19:00,22:00,Monitor,40
2024-02-13,20:00,23:00,Ar-condicionado,900
2024-02-13,20:00,01:00,Lâmpada LED,10
2024-02-13,00:00,00:00,Roteador Wi-Fi,8
2024-02-13,23:00,01:00,Carregador Celular,15
2024-02-14,20:00,00:00,PC Gamer,400
2024-02-14,20:00,00:00,Monitor,40
2024-02-14,18:00,21:00,Ar-condicionado,900
2024-02-14,20:00,00:00,Lâmpada LED,10
2024-02-14,00:00,00:00,Roteador Wi-Fi,8
2024-02-14,23:00,00:00,Carregador Celular,15
2024-02-15,20:00,23:00,PC Gamer,400
2024-02-15,20:00,23:00,Monitor,40
2024-02-15,18:00,21:00,Ar-condicionado,900
2024-02-15,20:00,01:00,Lâmpada LED,10
2024-02-15,00:00,00:00,Roteador Wi-Fi,8
2024-02-15,21:00,22:00,Carregador Celular,15
2024-02-16,20:00,23:00,PC Gamer,400
2024-02-16,20:00,23:00,Monitor,40
2024-02-16,20:00,23:00,Ar-condicionado,900
2024-02-16,19:00,00:00,Lâmpada LED,10
2024-02-16,00:00,00:00,Roteador Wi-Fi,8
2024-02-16,23:00,00:00,Carregador Celular,15
2024-02-17,18:00,00:00,PC Gamer,400
2024-02-17,18:00,00:00,Monitor,40
2024-02-17,18:00,21:00,Ar-condicionado,900
2024-02-17,18:00,01:00,Lâmpada LED,10
2024-02-17,00:00,00:00,Roteador Wi-Fi,8
2024-02-17,22:00,23:00,Carregador Celular,15
2024-02-18,17:00,23:00,PC Gamer,400
2024-02-18,17:00,23:00,Monitor,40
2024-02-18,19:00,22:00,Ar-condicionado,900
2024-02-18,20:00,03:00,Lâmpada LED,10
2024-02-18,00:00,00:00,Roteador Wi-Fi,8
2024-02-18,22:00,23:00,Carregador Celular,15
2024-02-19,18:00,22:00,PC Gamer,400
2024-02-19,18:00,22:00,Monitor,40
2024-02-19,20:00,22:00,Ar-condicionado,900
2024-02-19,20:00,01:00,Lâmpada LED,10
2024-02-19,00:00,00:00,Roteador Wi-Fi,8
2024-02-19,23:00,00:00,Carregador Celular,15
2024-02-20,19:00,23:00,PC Gamer,400
2024-02-20,19:00,22:00,Monitor,40
2024-02-20,19:00,21:00,Ar-condicionado,900
2024-02-20,20:00,00:00,Lâmpada LED,10
2024-02-20,00:00,00:00,Roteador Wi-Fi,8
2024-02-20,23:00,00:00,Carregador Celular,15
2024-02-21,17:00,20:00,PC Gamer,400
2024-02-21,17:00,20:00,Monitor,40
2024-02-21,20:00,22:00,Ar-condicionado,900
2024-02-21,18:00,22:00,Lâmpada LED,10
2024-02-21,00:00,00:00,Roteador Wi-Fi,8
2024-02-21,23:00,00:00,Carregador Celular,15
2024-02-22,17:00,21:00,PC Gamer,400
2024-02-22,17:00,20:00,Monitor,40
2024-02-22,20:00,22:00,Ar-condicionado,900
2024-02-22,18:00,22:00,Lâmpada LED,10
2024-02-22,00:00,00:00,Roteador Wi-Fi,8
2024-02-22,21:00,22:00,Carregador Celular,15
2024-02-23,18:00,21:00,PC Gamer,400
2024-02-23,18:00,22:00,Monitor,40
2024-02-23,18:00,20:00,Ar-condicionado,900
2024-02-23,18:00,22:00,Lâmpada LED,10
2024-02-23,00:00,00:00,Roteador Wi-Fi,8
2024-02-23,21:00,23:00,Carregador Celular,15
2024-02-24,19:00,01:00,PC Gamer,400
2024-02-24,19:00,01:00,Monitor,40
2024-02-24,20:00,23:00,Ar-condicionado,900
2024-02-24,20:00,02:00,Lâmpada LED,10
2024-02-24,00:00,00:00,Roteador Wi-Fi,8
2024-02-24,22:00,23:00,Carregador Celular,15
2024-02-25,19:00,01:00,PC Gamer,400
2024-02-25,19:00,00:00,Monitor,40
2024-02-25,19:00,23:00,Ar-condicionado,900
2024-02-25,19:00,01:00,Lâmpada LED,10
2024-02-25,00:00,00:00,Roteador Wi-Fi,8
2024-02-25,21:00,22:00,Carregador Celular,15
2024-02-26,18:00,22:00,PC Gamer,400
2024-02-26,18:00,21:00,Monitor,40
2024-02-26,19:00,21:00,Ar-condicionado,900
2024-02-26,19:00,00:00,Lâmpada LED,10
2024-02-26,00:00,00:00,Roteador Wi-Fi,8
2024-02-26,22:00,23:00,Carregador Celular,15
2024-02-27,19:00,23:00,PC Gamer,400
2024-02-27,19:00,22:00,Monitor,40
2024-02-27,19:00,21:00,Ar-condicionado,900
2024-02-27,19:00,00:00,Lâmpada LED,10
2024-02-27,00:00,00:00,Roteador Wi-Fi,8
2024-02-27,23:00,00:00,Carregador Celular,15
2024-02-28,19:00,22:00,PC Gamer,400
2024-02-28,19:00,22:00,Monitor,40
2024-02-28,20:00,23:00,Ar-condicionado,900
2024-02-28,19:00,23:00,Lâmpada LED,10
2024-02-28,00:00,00:00,Roteador Wi-Fi,8
2024-02-28,21:00,22:00,Carregador Celular,15
2024-02-29,19:00,22:00,PC Gamer,400
2024-02-29,19:00,23:00,Monitor,40
2024-02-29,18:00,21:00,Ar-condicionado,900
2024-02-29,20:00,00:00,Lâmpada LED,10
2024-02-29,00:00,00:00,Roteador Wi-Fi,8
2024-02-29,23:00,00:00,Carregador Celular,15
2024-03-01,18:00,21:00,PC Gamer,400
2024-03-01,18:00,21:00,Monitor,40
2024-03-01,19:00,22:00,Ar-condicionado,900
2024-03-01,18:00,22:00,Lâmpada LED,10
2024-03-01,00:00,00:00,Roteador Wi-Fi,8
2024-03-01,23:00,00:00,Carregador Celular,15
2024-03-02,18:00,00:00,PC Gamer,400
2024-03-02,18:00,23:00,Monitor,40
2024-03-02,19:00,22:00,Ar-condicionado,900
2024-03-02,20:00,03:00,Lâmpada LED,10
2024-03-02,00:00,00:00,Roteador Wi-Fi,8
2024-03-02,23:00,00:00,Carregador Celular,15
2024-03-03,18:00,23:00,PC Gamer,400
2024-03-03,18:00,00:00,Monitor,40
2024-03-03,19:00,23:00,Ar-condicionado,900
2024-03-03,18:00,00:00,Lâmpada LED,10
2024-03-03,00:00,00:00,Roteador Wi-Fi,8
2024-03-03,22:00,23:00,Carregador Celular,15
2024-03-04,20:00,00:00,PC Gamer,400
2024-03-04,20:00,23:00,Monitor,40
2024-03-04,20:00,23:00,Ar-condicionado,900
2024-03-04,20:00,01:00,Lâmpada LED,10
2024-03-04,00:00,00:00,Roteador Wi-Fi,8
2024-03-04,22:00,23:00,Carregador Celular,15
2024-03-05,17:00,21:00,PC Gamer,400
2024-03-05,17:00,21:00,Monitor,40
2024-03-05,19:00,21:00,Ar-condicionado,900
2024-03-05,19:00,00:00,Lâmpada LED,10
2024-03-05,00:00,00:00,Roteador Wi-Fi,8
2024-03-05,23:00,00:00,Carregador Celular,15
2024-03-06,19:00,23:00,PC Gamer,400
2024-03-06,19:00,23:00,Monitor,40
2024-03-06,20:00,23:00,Ar-condicionado,900
2024-03-06,19:00,23:00,Lâmpada LED,10
2024-03-06,00:00,00:00,Roteador Wi-Fi,8
2024-03-06,22:00,00:00,Carregador Celular,15
2024-03-07,20:00,23:00,PC Gamer,400
2024-03-07,20:00,23:00,Monitor,40
2024-03-07,19:00,22:00,Ar-condicionado,900
2024-03-07,20:00,00:00,Lâmpada LED,10
2024-03-07,00:00,00:00,Roteador Wi-Fi,8
2024-03-07,22:00,00:00,Carregador Celular,15
2024-03-08,18:00,22:00,PC Gamer,400
2024-03-08,18:00,21:00,Monitor,40
2024-03-08,20:00,22:00,Ar-condicionado,900
2024-03-08,20:00,01:00,Lâmpada LED,10
2024-03-08,00:00,00:00,Roteador Wi-Fi,8
2024-03-08,22:00,00:00,Carregador Celular,15
2024-03-09,20:00,01:00,PC Gamer,400
2024-03-09,20:00,02:00,Monitor,40
2024-03-09,19:00,23:00,Ar-condicionado,900
2024-03-09,18:00,01:00,Lâmpada LED,10
2024-03-09,00:00,00:00,Roteador Wi-Fi,8
2024-03-09,23:00,00:00,Carregador Celular,15
2024-03-10,17:00,23:00,PC Gamer,400
2024-03-10,17:00,22:00,Monitor,40
2024-03-10,20:00,23:00,Ar-condicionado,900
2024-03-10,18:00,00:00,Lâmpada LED,10
2024-03-10,00:00,00:00,Roteador Wi-Fi,8
2024-03-10,22:00,23:00,Carregador Celular,15
2024-03-11,18:00,22:00,PC Gamer,400
2024-03-11,18:00,22:00,Monitor,40
2024-03-11,20:00,23:00,Ar-condicionado,900
2024-03-11,18:00,22:00,Lâmpada LED,10
2024-03-11,00:00,00:00,Roteador Wi-Fi,8
2024-03-11,22:00,23:00,Carregador Celular,15
2024-03-12,17:00,20:00,PC Gamer,400
2024-03-12,17:00,20:00,Monitor,40
2024-03-12,19:00,22:00,Ar-condicionado,900
2024-03-12,19:00,00:00,Lâmpada LED,10
2024-03-12,00:00,00:00,Roteador Wi-Fi,8
2024-03-12,21:00,22:00,Carregador Celular,15
2024-03-13,17:00,20:00,PC Gamer,400
2024-03-13,17:00,21:00,Monitor,40
2024-03-13,19:00,22:00,Ar-condicionado,900
2024-03-13,19:00,23:00,Lâmpada LED,10
2024-03-13,00:00,00:00,Roteador Wi-Fi,8
2024-03-13,21:00,22:00,Carregador Celular,15
2024-03-14,20:00,00:00,PC Gamer,400
2024-03-14,20:00,23:00,Monitor,40
2024-03-14,19:00,22:00,Ar-condicionado,900
2024-03-14,18:00,23:00,Lâmpada LED,10
2024-03-14,00:00,00:00,Roteador Wi-Fi,8
2024-03-14,22:00,00:00,Carregador Celular,15
2024-03-15,19:00,23:00,PC Gamer,400
2024-03-15,19:00,22:00,Monitor,40
2024-03-15,20:00,22:00,Ar-condicionado,900
2024-03-15,19:00,00:00,Lâmpada LED,10
2024-03-15,00:00,00:00,Roteador Wi-Fi,8
2024-03-15,22:00,23:00,Carregador Celular,15
2024-03-16,18:00,00:00,PC Gamer,400
2024-03-16,18:00,23:00,Monitor,40
2024-03-16,18:00,22:00,Ar-condicionado,900
2024-03-16,18:00,00:00,Lâmpada LED,10
2024-03-16,00:00,00:00,Roteador Wi-Fi,8
2024-03-16,22:00,23:00,Carregador Celular,15
2024-03-17,20:00,02:00,PC Gamer,400
2024-03-17,20:00,02:00,Monitor,40
2024-03-17,18:00,21:00,Ar-condicionado,900
2024-03-17,19:00,02:00,Lâmpada LED,10
2024-03-17,00:00,00:00,Roteador Wi-Fi,8
2024-03-17,21:00,22:00,Carregador Celular,15
2024-03-18,19:00,23:00,PC Gamer,400
2024-03-18,19:00,23:00,Monitor,40
2024-03-18,18:00,20:00,Ar-condicionado,900
2024-03-18,18:00,22:00,Lâmpada LED,10
2024-03-18,00:00,00:00,Roteador Wi-Fi,8
2024-03-18,21:00,23:00,Carregador Celular,15
2024-03-19,19:00,22:00,PC Gamer,400
2024-03-19,19:00,22:00,Monitor,40
2024-03-19,18:00,21:00,Ar-condicionado,900
2024-03-19,18:00,23:00,Lâmpada LED,10
2024-03-19,00:00,00:00,Roteador Wi-Fi,8
2024-03-19,21:00,22:00,Carregador Celular,15
2024-03-20,18:00,21:00,PC Gamer,400
2024-03-20,18:00,21:00,Monitor,40
2024-03-20,18:00,21:00,Ar-condicionado,900
2024-03-20,19:00,23:00,Lâmpada LED,10
2024-03-20,00:00,00:00,Roteador Wi-Fi,8
2024-03-20,22:00,00:00,Carregador Celular,15
2024-03-21,19:00,22:00,PC Gamer,400
2024-03-21,19:00,23:00,Monitor,40
2024-03-21,19:00,21:00,Ar-condicionado,900
2024-03-21,18:00,23:00,Lâmpada LED,10
2024-03-21,00:00,00:00,Roteador Wi-Fi,8
2024-03-21,23:00,00:00,Carregador Celular,15
2024-03-22,17:00,20:00,PC Gamer,400
2024-03-22,17:00,21:00,Monitor,40
2024-03-22,20:00,22:00,Ar-condicionado,900
2024-03-22,20:00,01:00,Lâmpada LED,10
2024-03-22,00:00,00:00,Roteador Wi-Fi,8
2024-03-22,22:00,00:00,Carregador Celular,15
2024-03-23,18:00,00:00,PC Gamer,400
2024-03-23,18:00,00:00,Monitor,40
2024-03-23,19:00,22:00,Ar-condicionado,900
2024-03-23,19:00,02:00,Lâmpada LED,10
2024-03-23,00:00,00:00,Roteador Wi-Fi,8
2024-03-23,22:00,23:00,Carregador Celular,15
2024-03-24,17:00,23:00,PC Gamer,400
2024-03-24,17:00,22:00,Monitor,40
2024-03-24,20:00,00:00,Ar-condicionado,900
2024-03-24,19:00,02:00,Lâmpada LED,10
2024-03-24,00:00,00:00,Roteador Wi-Fi,8
2024-03-24,23:00,01:00,Carregador Celular,15
2024-03-25,19:00,22:00,PC Gamer,400
2024-03-25,19:00,22:00,Monitor,40
2024-03-25,20:00,23:00,Ar-condicionado,900
2024-03-25,19:00,23:00,Lâmpada LED,10
2024-03-25,00:00,00:00,Roteador Wi-Fi,8
2024-03-25,21:00,22:00,Carregador Celular,15
2024-03-26,19:00,23:00,PC Gamer,400
2024-03-26,19:00,23:00,Monitor,40
2024-03-26,18:00,20:00,Ar-condicionado,900
2024-03-26,20:00,01:00,Lâmpada LED,10
2024-03-26,00:00,00:00,Roteador Wi-Fi,8
2024-03-26,21:00,22:00,Carregador Celular,15
2024-03-27,19:00,22:00,PC Gamer,400
2024-03-27,19:00,22:00,Monitor,40
2024-03-27,18:00,21:00,Ar-condicionado,900
2024-03-27,18:00,23:00,Lâmpada LED,10
2024-03-27,00:00,00:00,Roteador Wi-Fi,8
2024-03-27,21:00,22:00,Carregador Celular,15
2024-03-28,17:00,20:00,PC Gamer,400
2024-03-28,17:00,21:00,Monitor,40
2024-03-28,19:00,22:00,Ar-condicionado,900
2024-03-28,18:00,23:00,Lâmpada LED,10
2024-03-28,00:00,00:00,Roteador Wi-Fi,8
2024-03-28,22:00,23:00,Carregador Celular,15
2024-03-29,20:00,23:00,PC Gamer,400
2024-03-29,20:00,00:00,Monitor,40
2024-03-29,18:00,21:00,Ar-condicionado,900
2024-03-29,19:00,00:00,Lâmpada LED,10
2024-03-29,00:00,00:00,Roteador Wi-Fi,8
2024-03-29,22:00,00:00,Carregador Celular,15
2024-03-30,18:00,23:00,PC Gamer,400
2024-03-30,18:00,23:00,Monitor,40
2024-03-30,19:00,22:00,Ar-condicionado,900
2024-03-30,19:00,01:00,Lâmpada LED,10
2024-03-30,00:00,00:00,Roteador Wi-Fi,8
2024-03-30,21:00,22:00,Carregador Celular,15
2024-03-31,18:00,00:00,PC Gamer,400
2024-03-31,18:00,23:00,Monitor,40
2024-03-31,20:00,23:00,Ar-condicionado,900
2024-03-31,20:00,02:00,Lâmpada LED,10
2024-03-31,00:00,00:00,Roteador Wi-Fi,8
2024-03-31,21:00,22:00,Carregador Celular,15
2024-04-01,17:00,21:00,PC Gamer,400
2024-04-01,17:00,21:00,Monitor,40
2024-04-01,18:00,20:00,Ar-condicionado,900
2024-04-01,18:00,22:00,Lâmpada LED,10
2024-04-01,00:00,00:00,Roteador Wi-Fi,8
2024-04-01,21:00,22:00,Carregador Celular,15
2024-04-02,18:00,21:00,PC Gamer,400
2024-04-02,18:00,22:00,Monitor,40
2024-04-02,18:00,21:00,Ar-condicionado,900
2024-04-02,18:00,23:00,Lâmpada LED,10
2024-04-02,00:00,00:00,Roteador Wi-Fi,8
2024-04-02,22:00,00:00,Carregador Celular,15
2024-04-03,19:00,23:00,PC Gamer,400
2024-04-03,19:00,23:00,Monitor,40
2024-04-03,18:00,20:00,Ar-condicionado,900
2024-04-03,20:00,00:00,Lâmpada LED,10
2024-04-03,00:00,00:00,Roteador Wi-Fi,8
2024-04-03,23:00,01:00,Carregador Celular,15
2024-04-04,19:00,23:00,PC Gamer,400
2024-04-04,19:00,23:00,Monitor,40
2024-04-04,18:00,21:00,Ar-condicionado,900
2024-04-04,18:00,23:00,Lâmpada LED,10
2024-04-04,00:00,00:00,Roteador Wi-Fi,8
2024-04-04,22:00,23:00,Carregador Celular,15
2024-04-05,20:00,00:00,PC Gamer,400
2024-04-05,20:00,23:00,Monitor,40
2024-04-05,20:00,23:00,Ar-condicionado,900
2024-04-05,19:00,00:00,Lâmpada LED,10
2024-04-05,00:00,00:00,Roteador Wi-Fi,8
2024-04-05,23:00,00:00,Carregador Celular,15
2024-04-06,17:00,22:00,PC Gamer,400
2024-04-06,17:00,22:00,Monitor,40
2024-04-06,18:00,22:00,Ar-condicionado,900
2024-04-06,18:00,00:00,Lâmpada LED,10
2024-04-06,00:00,00:00,Roteador Wi-Fi,8
2024-04-06,22:00,23:00,Carregador Celular,15
2024-04-07,17:00,23:00,PC Gamer,400
2024-04-07,17:00,23:00,Monitor,40
2024-04-07,20:00,00:00,Ar-condicionado,900
2024-04-07,20:00,03:00,Lâmpada LED,10
2024-04-07,00:00,00:00,Roteador Wi-Fi,8
2024-04-07,21:00,22:00,Carregador Celular,15
2024-04-08,18:00,22:00,PC Gamer,400
2024-04-08,18:00,22:00,Monitor,40
2024-04-08,18:00,21:00,Ar-condicionado,900
2024-04-08,18:00,23:00,Lâmpada LED,10
2024-04-08,00:00,00:00,Roteador Wi-Fi,8
2024-04-08,22:00,00:00,Carregador Celular,15
2024-04-09,20:00,00:00,PC Gamer,400
2024-04-09,20:00,00:00,Monitor,40
2024-04-09,18:00,20:00,Ar-condicionado,900
2024-04-09,18:00,22:00,Lâmpada LED,10
2024-04-09,00:00,00:00,Roteador Wi-Fi,8
2024-04-09,21:00,22:00,Carregador Celular,15
2024-04-10,19:00,22:00,PC Gamer,400
2024-04-10,19:00,23:00,Monitor,40
2024-04-10,19:00,22:00,Ar-condicionado,900
2024-04-10,18:00,23:00,Lâmpada LED,10
2024-04-10,00:00,00:00,Roteador Wi-Fi,8
2024-04-10,23:00,00:00,Carregador Celular,15
2024-04-11,17:00,21:00,PC Gamer,400
2024-04-11,17:00,21:00,Monitor,40
2024-04-11,18:00,21:00,Ar-condicionado,900
2024-04-11,19:00,00:00,Lâmpada LED,10
2024-04-11,00:00,00:00,Roteador Wi-Fi,8
2024-04-11,21:00,22:00,Carregador Celular,15
2024-04-12,18:00,21:00,PC Gamer,400
2024-04-12,18:00,22:00,Monitor,40
2024-04-12,18:00,21:00,Ar-condicionado,900
2024-04-12,18:00,22:00,Lâmpada LED,10
2024-04-12,00:00,00:00,Roteador Wi-Fi,8
2024-04-12,21:00,22:00,Carregador Celular,15
2024-04-13,20:00,02:00,PC Gamer,400
2024-04-13,20:00,02:00,Monitor,40
2024-04-13,20:00,00:00,Ar-condicionado,900
2024-04-13,20:00,02:00,Lâmpada LED,10
2024-04-13,00:00,00:00,Roteador Wi-Fi,8
2024-04-13,23:00,00:00,Carregador Celular,15
2024-04-14,19:00,01:00,PC Gamer,400
2024-04-14,19:00,00:00,Monitor,40
2024-04-14,20:00,23:00,Ar-condicionado,900
2024-04-14,19:00,01:00,Lâmpada LED,10
2024-04-14,00:00,00:00,Roteador Wi-Fi,8
2024-04-14,23:00,00:00,Carregador Celular,15
2024-04-15,18:00,21:00,PC Gamer,400
2024-04-15,18:00,21:00,Monitor,40
2024-04-15,18:00,20:00,Ar-condicionado,900
2024-04-15,19:00,23:00,Lâmpada LED,10
2024-04-15,00:00,00:00,Roteador Wi-Fi,8
2024-04-15,23:00,00:00,Carregador Celular,15
2024-04-16,20:00,23:00,PC Gamer,400
2024-04-16,20:00,00:00,Monitor,40
2024-04-16,19:00,21:00,Ar-condicionado,900
2024-04-16,19:00,00:00,Lâmpada LED,10
2024-04-16,00:00,00:00,Roteador Wi-Fi,8
2024-04-16,22:00,23:00,Carregador Celular,15
2024-04-17,18:00,22:00,PC Gamer,400
2024-04-17,18:00,21:00,Monitor,40
2024-04-17,19:00,22:00,Ar-condicionado,900
2024-04-17,18:00,23:00,Lâmpada LED,10
2024-04-17,00:00,00:00,Roteador Wi-Fi,8
2024-04-17,23:00,01:00,Carregador Celular,15
2024-04-18,17:00,20:00,PC Gamer,400
2024-04-18,17:00,21:00,Monitor,40
2024-04-18,18:00,20:00,Ar-condicionado,900
2024-04-18,20:00,00:00,Lâmpada LED,10
2024-04-18,00:00,00:00,Roteador Wi-Fi,8
2024-04-18,23:00,00:00,Carregador Celular,15
2024-04-19,17:00,21:00,PC Gamer,400
2024-04-19,17:00,21:00,Monitor,40
2024-04-19,18:00,21:00,Ar-condicionado,900
2024-04-19,20:00,00:00,Lâmpada LED,10
2024-04-19,00:00,00:00,Roteador Wi-Fi,8
2024-04-19,22:00,23:00,Carregador Celular,15
2024-04-20,17:00,23:00,PC Gamer,400
2024-04-20,17:00,22:00,Monitor,40
2024-04-20,19:00,22:00,Ar-condicionado,900
2024-04-20,18:00,01:00,Lâmpada LED,10
2024-04-20,00:00,00:00,Roteador Wi-Fi,8
2024-04-20,23:00,01:00,Carregador Celular,15
2024-04-21,17:00,22:00,PC Gamer,400
2024-04-21,17:00,23:00,Monitor,40
2024-04-21,20:00,00:00,Ar-condicionado,900
2024-04-21,19:00,01:00,Lâmpada LED,10
2024-04-21,00:00,00:00,Roteador Wi-Fi,8
2024-04-21,22:00,23:00,Carregador Celular,15
2024-04-22,18:00,22:00,PC Gamer,400
2024-04-22,18:00,21:00,Monitor,40
2024-04-22,20:00,22:00,Ar-condicionado,900
2024-04-22,18:00,23:00,Lâmpada LED,10
2024-04-22,00:00,00:00,Roteador Wi-Fi,8
2024-04-22,21:00,23:00,Carregador Celular,15
2024-04-23,19:00,23:00,PC Gamer,400
2024-04-23,19:00,22:00,Monitor,40
2024-04-23,18:00,21:00,Ar-condicionado,900
2024-04-23,20:00,01:00,Lâmpada LED,10
2024-04-23,00:00,00:00,Roteador Wi-Fi,8
2024-04-23,22:00,00:00,Carregador Celular,15
2024-04-24,17:00,20:00,PC Gamer,400
2024-04-24,17:00,20:00,Monitor,40
2024-04-24,20:00,23:00,Ar-condicionado,900
2024-04-24,20:00,01:00,Lâmpada LED,10
2024-04-24,00:00,00:00,Roteador Wi-Fi,8
2024-04-24,22:00,23:00,Carregador Celular,15
2024-04-25,20:00,00:00,PC Gamer,400
2024-04-25,20:00,00:00,Monitor,40
2024-04-25,18:00,21:00,Ar-condicionado,900
2024-04-25,18:00,22:00,Lâmpada LED,10
2024-04-25,00:00,00:00,Roteador Wi-Fi,8
2024-04-25,22:00,23:00,Carregador Celular,15
2024-04-26,19:00,23:00,PC Gamer,400
2024-04-26,19:00,22:00,Monitor,40
2024-04-26,20:00,22:00,Ar-condicionado,900
2024-04-26,20:00,01:00,Lâmpada LED,10
2024-04-26,00:00,00:00,Roteador Wi-Fi,8
2024-04-26,23:00,00:00,Carregador Celular,15
2024-04-27,18:00,23:00,PC Gamer,400
2024-04-27,18:00,00:00,Monitor,40
2024-04-27,19:00,23:00,Ar-condicionado,900
2024-04-27,20:00,02:00,Lâmpada LED,10
2024-04-27,00:00,00:00,Roteador Wi-Fi,8
2024-04-27,23:00,01:00,Carregador Celular,15
2024-04-28,17:00,23:00,PC Gamer,400
2024-04-28,17:00,22:00,Monitor,40
2024-04-28,19:00,22:00,Ar-condicionado,900
2024-04-28,20:00,02:00,Lâmpada LED,10
2024-04-28,00:00,00:00,Roteador Wi-Fi,8
2024-04-28,22:00,23:00,Carregador Celular,15
2024-04-29,17:00,20:00,PC Gamer,400
2024-04-29,17:00,20:00,Monitor,40
2024-04-29,20:00,23:00,Ar-condicionado,900
2024-04-29,19:00,23:00,Lâmpada LED,10
2024-04-29,00:00,00:00,Roteador Wi-Fi,8
2024-04-29,21:00,22:00,Carregador Celular,15
2024-04-30,19:00,22:00,PC Gamer,400
2024-04-30,19:00,23:00,Monitor,40
2024-04-30,18:00,21:00,Ar-condicionado,900
2024-04-30,20:00,00:00,Lâmpada LED,10
2024-04-30,00:00,00:00,Roteador Wi-Fi,8
2024-04-30,23:00,00:00,Carregador Celular,15
2024-05-01,19:00,22:00,PC Gamer,400
2024-05-01,19:00,23:00,Monitor,40
2024-05-01,18:00,21:00,Ar-condicionado,900
2024-05-01,19:00,23:00,Lâmpada LED,10
2024-05-01,00:00,00:00,Roteador Wi-Fi,8
2024-05-01,23:00,00:00,Carregador Celular,15
2024-05-02,18:00,21:00,PC Gamer,400
2024-05-02,18:00,22:00,Monitor,40
2024-05-02,19:00,21:00,Ar-condicionado,900
2024-05-02,20:00,00:00,Lâmpada LED,10
2024-05-02,00:00,00:00,Roteador Wi-Fi,8
2024-05-02,22:00,23:00,Carregador Celular,15
2024-05-03,18:00,21:00,PC Gamer,400
2024-05-03,18:00,21:00,Monitor,40
2024-05-03,19:00,21:00,Ar-condicionado,900
2024-05-03,20:00,01:00,Lâmpada LED,10
2024-05-03,00:00,00:00,Roteador Wi-Fi,8
2024-05-03,21:00,22:00,Carregador Celular,15
2024-05-04,17:00,22:00,PC Gamer,400
2024-05-04,17:00,23:00,Monitor,40
2024-05-04,18:00,21:00,Ar-condicionado,900
2024-05-04,19:00,02:00,Lâmpada LED,10
2024-05-04,00:00,00:00,Roteador Wi-Fi,8
2024-05-04,21:00,23:00,Carregador Celular,15
2024-05-05,19:00,01:00,PC Gamer,400
2024-05-05,19:00,00:00,Monitor,40
2024-05-05,19:00,22:00,Ar-condicionado,900
2024-05-05,18:00,01:00,Lâmpada LED,10
2024-05-05,00:00,00:00,Roteador Wi-Fi,8
2024-05-05,23:00,00:00,Carregador Celular,15
2024-05-06,18:00,21:00,PC Gamer,400
2024-05-06,18:00,22:00,Monitor,40
2024-05-06,18:00,21:00,Ar-condicionado,900
2024-05-06,18:00,22:00,Lâmpada LED,10
2024-05-06,00:00,00:00,Roteador Wi-Fi,8
2024-05-06,21:00,22:00,Carregador Celular,15
2024-05-07,18:00,21:00,PC Gamer,400
2024-05-07,18:00,22:00,Monitor,40
2024-05-07,18:00,20:00,Ar-condicionado,900
2024-05-07,18:00,23:00,Lâmpada LED,10
2024-05-07,00:00,00:00,Roteador Wi-Fi,8
2024-05-07,21:00,22:00,Carregador Celular,15
2024-05-08,17:00,21:00,PC Gamer,400
2024-05-08,17:00,21:00,Monitor,40
2024-05-08,19:00,21:00,Ar-condicionado,900
2024-05-08,18:00,22:00,Lâmpada LED,10
2024-05-08,00:00,00:00,Roteador Wi-Fi,8
2024-05-08,21:00,22:00,Carregador Celular,15
2024-05-09,19:00,23:00,PC Gamer,400
2024-05-09,19:00,22:00,Monitor,40
2024-05-09,20:00,22:00,Ar-condicionado,900
2024-05-09,19:00,00:00,Lâmpada LED,10
2024-05-09,00:00,00:00,Roteador Wi-Fi,8
2024-05-09,23:00,00:00,Carregador Celular,15
2024-05-10,19:00,23:00,PC Gamer,400
2024-05-10,19:00,22:00,Monitor,40
2024-05-10,18:00,21:00,Ar-condicionado,900
2024-05-10,19:00,23:00,Lâmpada LED,10
2024-05-10,00:00,00:00,Roteador Wi-Fi,8
2024-05-10,23:00,00:00,Carregador Celular,15
2024-05-11,19:00,00:00,PC Gamer,400
2024-05-11,19:00,01:00,Monitor,40
2024-05-11,19:00,23:00,Ar-condicionado,900
2024-05-11,18:00,01:00,Lâmpada LED,10
2024-05-11,00:00,00:00,Roteador Wi-Fi,8
2024-05-11,22:00,23:00,Carregador Celular,15
2024-05-12,19:00,00:00,PC Gamer,400
2024-05-12,19:00,00:00,Monitor,40
2024-05-12,19:00,23:00,Ar-condicionado,900
2024-05-12,20:00,03:00,Lâmpada LED,10
2024-05-12,00:00,00:00,Roteador Wi-Fi,8
2024-05-12,21:00,22:00,Carregador Celular,15
2024-05-13,17:00,20:00,PC Gamer,400
2024-05-13,17:00,20:00,Monitor,40
2024-05-13,20:00,22:00,Ar-condicionado,900
2024-05-13,19:00,00:00,Lâmpada LED,10
2024-05-13,00:00,00:00,Roteador Wi-Fi,8
2024-05-13,21:00,22:00,Carregador Celular,15
2024-05-14,19:00,22:00,PC Gamer,400
2024-05-14,19:00,22:00,Monitor,40
2024-05-14,20:00,22:00,Ar-condicionado,900
2024-05-14,20:00,01:00,Lâmpada LED,10
2024-05-14,00:00,00:00,Roteador Wi-Fi,8
2024-05-14,21:00,22:00,Carregador Celular,15
2024-05-15,18:00,22:00,PC Gamer,400
2024-05-15,18:00,22:00,Monitor,40
2024-05-15,18:00,20:00,Ar-condicionado,900
2024-05-15,19:00,00:00,Lâmpada LED,10
2024-05-15,00:00,00:00,Roteador Wi-Fi,8
2024-05-15,22:00,23:00,Carregador Celular,15
2024-05-16,20:00,00:00,PC Gamer,400
2024-05-16,20:00,23:00,Monitor,40
2024-05-16,19:00,21:00,Ar-condicionado,900
2024-05-16,18:00,22:00,Lâmpada LED,10
2024-05-16,00:00,00:00,Roteador Wi-Fi,8
2024-05-16,22:00,23:00,Carregador Celular,15
2024-05-17,20:00,23:00,PC Gamer,400
2024-05-17,20:00,00:00,Monitor,40
2024-05-17,20:00,23:00,Ar-condicionado,900
2024-05-17,20:00,00:00,Lâmpada LED,10
2024-05-17,00:00,00:00,Roteador Wi-Fi,8
2024-05-17,22:00,00:00,Carregador Celular,15
2024-05-18,18:00,23:00,PC Gamer,400
2024-05-18,18:00,23:00,Monitor,40
2024-05-18,20:00,00:00,Ar-condicionado,900
2024-05-18,20:00,03:00,Lâmpada LED,10
2024-05-18,00:00,00:00,Roteador Wi-Fi,8
2024-05-18,23:00,00:00,Carregador Celular,15
2024-05-19,20:00,02:00,PC Gamer,400
2024-05-19,20:00,02:00,Monitor,40
2024-05-19,20:00,23:00,Ar-condicionado,900
2024-05-19,18:00,00:00,Lâmpada LED,10
2024-05-19,00:00,00:00,Roteador Wi-Fi,8
2024-05-19,21:00,22:00,Carregador Celular,15
2024-05-20,17:00,20:00,PC Gamer,400
2024-05-20,17:00,20:00,Monitor,40
2024-05-20,18:00,20:00,Ar-condicionado,900
2024-05-20,19:00,00:00,Lâmpada LED,10
2024-05-20,00:00,00:00,Roteador Wi-Fi,8
2024-05-20,22:00,23:00,Carregador Celular,15
2024-05-21,18:00,21:00,PC Gamer,400
2024-05-21,18:00,21:00,Monitor,40
2024-05-21,19:00,22:00,Ar-condicionado,900
2024-05-21,20:00,01:00,Lâmpada LED,10
2024-05-21,00:00,00:00,Roteador Wi-Fi,8
2024-05-21,22:00,23:00,Carregador Celular,15
2024-05-22,17:00,20:00,PC Gamer,400
2024-05-22,17:00,20:00,Monitor,40
2024-05-22,18:00,21:00,Ar-condicionado,900
2024-05-22,20:00,00:00,Lâmpada LED,10
2024-05-22,00:00,00:00,Roteador Wi-Fi,8
2024-05-22,23:00,01:00,Carregador Celular,15
2024-05-23,18:00,21:00,PC Gamer,400
2024-05-23,18:00,21:00,Monitor,40
2024-05-23,19:00,22:00,Ar-condicionado,900
2024-05-23,20:00,00:00,Lâmpada LED,10
2024-05-23,00:00,00:00,Roteador Wi-Fi,8
2024-05-23,21:00,22:00,Carregador Celular,15
2024-05-24,18:00,21:00,PC Gamer,400
2024-05-24,18:00,22:00,Monitor,40
2024-05-24,20:00,22:00,Ar-condicionado,900
2024-05-24,19:00,00:00,Lâmpada LED,10
2024-05-24,00:00,00:00,Roteador Wi-Fi,8
2024-05-24,23:00,01:00,Carregador Celular,15
2024-05-25,17:00,23:00,PC Gamer,400
2024-05-25,17:00,22:00,Monitor,40
2024-05-25,19:00,22:00,Ar-condicionado,900
2024-05-25,19:00,02:00,Lâmpada LED,10
2024-05-25,00:00,00:00,Roteador Wi-Fi,8
2024-05-25,22:00,23:00,Carregador Celular,15
2024-05-26,18:00,00:00,PC Gamer,400
2024-05-26,18:00,00:00,Monitor,40
2024-05-26,18:00,21:00,Ar-condicionado,900
2024-05-26,20:00,02:00,Lâmpada LED,10
2024-05-26,00:00,00:00,Roteador Wi-Fi,8
2024-05-26,23:00,01:00,Carregador Celular,15
2024-05-27,18:00,22:00,PC Gamer,400
2024-05-27,18:00,22:00,Monitor,40
2024-05-27,18:00,21:00,Ar-condicionado,900
2024-05-27,20:00,00:00,Lâmpada LED,10
2024-05-27,00:00,00:00,Roteador Wi-Fi,8
2024-05-27,22:00,23:00,Carregador Celular,15
2024-05-28,18:00,21:00,PC Gamer,400
2024-05-28,18:00,22:00,Monitor,40
2024-05-28,19:00,21:00,Ar-condicionado,900
2024-05-28,20:00,01:00,Lâmpada LED,10
2024-05-28,00:00,00:00,Roteador Wi-Fi,8
2024-05-28,21:00,22:00,Carregador Celular,15
2024-05-29,17:00,20:00,PC Gamer,400
2024-05-29,17:00,20:00,Monitor,40
2024-05-29,19:00,22:00,Ar-condicionado,900
2024-05-29,20:00,00:00,Lâmpada LED,10
2024-05-29,00:00,00:00,Roteador Wi-Fi,8
2024-05-29,23:00,00:00,Carregador Celular,15
2024-05-30,19:00,23:00,PC Gamer,400
2024-05-30,19:00,22:00,Monitor,40
2024-05-30,20:00,23:00,Ar-condicionado,900
2024-05-30,19:00,00:00,Lâmpada LED,10
2024-05-30,00:00,00:00,Roteador Wi-Fi,8
2024-05-30,22:00,00:00,Carregador Celular,15
2024-05-31,18:00,22:00,PC Gamer,400
2024-05-31,18:00,22:00,Monitor,40
2024-05-31,20:00,23:00,Ar-condicionado,900
2024-05-31,20:00,01:00,Lâmpada LED,10
2024-05-31,00:00,00:00,Roteador Wi-Fi,8
2024-05-31,23:00,01:00,Carregador Celular,15
2024-06-01,18:00,00:00,PC Gamer,400
2024-06-01,18:00,23:00,Monitor,40
2024-06-01,20:00,23:00,Ar-condicionado,900
2024-06-01,18:00,01:00,Lâmpada LED,10
2024-06-01,00:00,00:00,Roteador Wi-Fi,8
2024-06-01,21:00,22:00,Carregador Celular,15
2024-06-02,18:00,23:00,PC Gamer,400
2024-06-02,18:00,00:00,Monitor,40
2024-06-02,20:00,00:00,Ar-condicionado,900
2024-06-02,19:00,02:00,Lâmpada LED,10
2024-06-02,00:00,00:00,Roteador Wi-Fi,8
2024-06-02,22:00,23:00,Carregador Celular,15
2024-06-03,18:00,22:00,PC Gamer,400
2024-06-03,18:00,21:00,Monitor,40
2024-06-03,18:00,21:00,Ar-condicionado,900
2024-06-03,20:00,00:00,Lâmpada LED,10
2024-06-03,00:00,00:00,Roteador Wi-Fi,8
2024-06-03,23:00,00:00,Carregador Celular,15
2024-06-04,18:00,21:00,PC Gamer,400
2024-06-04,18:00,22:00,Monitor,40
2024-06-04,20:00,22:00,Ar-condicionado,900
2024-06-04,18:00,22:00,Lâmpada LED,10
2024-06-04,00:00,00:00,Roteador Wi-Fi,8
2024-06-04,21:00,22:00,Carregador Celular,15
2024-06-05,20:00,23:00,PC Gamer,400
2024-06-05,20:00,00:00,Monitor,40
2024-06-05,18:00,20:00,Ar-condicionado,900
2024-06-05,19:00,23:00,Lâmpada LED,10
2024-06-05,00:00,00:00,Roteador Wi-Fi,8
2024-06-05,23:00,00:00,Carregador Celular,15
2024-06-06,17:00,20:00,PC Gamer,400
2024-06-06,17:00,20:00,Monitor,40
2024-06-06,19:00,21:00,Ar-condicionado,900
2024-06-06,18:00,22:00,Lâmpada LED,10
2024-06-06,00:00,00:00,Roteador Wi-Fi,8
2024-06-06,23:00,00:00,Carregador Celular,15
2024-06-07,18:00,21:00,PC Gamer,400
2024-06-07,18:00,22:00,Monitor,40
2024-06-07,19:00,21:00,Ar-condicionado,900
2024-06-07,19:00,00:00,Lâmpada LED,10
2024-06-07,00:00,00:00,Roteador Wi-Fi,8
2024-06-07,22:00,23:00,Carregador Celular,15
2024-06-08,17:00,23:00,PC Gamer,400
2024-06-08,17:00,23:00,Monitor,40
2024-06-08,18:00,21:00,Ar-condicionado,900
2024-06-08,18:00,00:00,Lâmpada LED,10
2024-06-08,00:00,00:00,Roteador Wi-Fi,8
2024-06-08,23:00,00:00,Carregador Celular,15
2024-06-09,18:00,23:00,PC Gamer,400
2024-06-09,18:00,00:00,Monitor,40
2024-06-09,18:00,22:00,Ar-condicionado,900
2024-06-09,20:00,02:00,Lâmpada LED,10
2024-06-09,00:00,00:00,Roteador Wi-Fi,8
2024-06-09,23:00,01:00,Carregador Celular,15
2024-06-10,17:00,21:00,PC Gamer,400
2024-06-10,17:00,21:00,Monitor,40
2024-06-10,20:00,23:00,Ar-condicionado,900
2024-06-10,18:00,22:00,Lâmpada LED,10
2024-06-10,00:00,00:00,Roteador Wi-Fi,8
2024-06-10,23:00,01:00,Carregador Celular,15
2024-06-11,18:00,21:00,PC Gamer,400
2024-06-11,18:00,22:00,Monitor,40
2024-06-11,20:00,23:00,Ar-condicionado,900
2024-06-11,20:00,01:00,Lâmpada LED,10
2024-06-11,00:00,00:00,Roteador Wi-Fi,8
2024-06-11,21:00,22:00,Carregador Celular,15
2024-06-12,20:00,00:00,PC Gamer,400
2024-06-12,20:00,00:00,Monitor,40
2024-06-12,20:00,23:00,Ar-condicionado,900
2024-06-12,19:00,23:00,Lâmpada LED,10
2024-06-12,00:00,00:00,Roteador Wi-Fi,8
2024-06-12,22:00,23:00,Carregador Celular,15
2024-06-13,17:00,20:00,PC Gamer,400
2024-06-13,17:00,21:00,Monitor,40
2024-06-13,19:00,21:00,Ar-condicionado,900
2024-06-13,19:00,00:00,Lâmpada LED,10
2024-06-13,00:00,00:00,Roteador Wi-Fi,8
2024-06-13,21:00,22:00,Carregador Celular,15
2024-06-14,19:00,22:00,PC Gamer,400
2024-06-14,19:00,23:00,Monitor,40
2024-06-14,20:00,22:00,Ar-condicionado,900
2024-06-14,19:00,23:00,Lâmpada LED,10
2024-06-14,00:00,00:00,Roteador Wi-Fi,8
2024-06-14,22:00,23:00,Carregador Celular,15
2024-06-15,18:00,00:00,PC Gamer,400
2024-06-15,18:00,23:00,Monitor,40
2024-06-15,20:00,23:00,Ar-condicionado,900
2024-06-15,19:00,02:00,Lâmpada LED,10
2024-06-15,00:00,00:00,Roteador Wi-Fi,8
2024-06-15,22:00,23:00,Carregador Celular,15
2024-06-16,18:00,00:00,PC Gamer,400
2024-06-16,18:00,23:00,Monitor,40
2024-06-16,20:00,23:00,Ar-condicionado,900
2024-06-16,18:00,00:00,Lâmpada LED,10
2024-06-16,00:00,00:00,Roteador Wi-Fi,8
2024-06-16,22:00,23:00,Carregador Celular,15
2024-06-17,20:00,00:00,PC Gamer,400
2024-06-17,20:00,23:00,Monitor,40
2024-06-17,20:00,23:00,Ar-condicionado,900
2024-06-17,18:00,22:00,Lâmpada LED,10
2024-06-17,00:00,00:00,Roteador Wi-Fi,8
2024-06-17,23:00,01:00,Carregador Celular,15
2024-06-18,19:00,22:00,PC Gamer,400
2024-06-18,19:00,23:00,Monitor,40
2024-06-18,20:00,23:00,Ar-condicionado,900
2024-06-18,18:00,22:00,Lâmpada LED,10
2024-06-18,00:00,00:00,Roteador Wi-Fi,8
2024-06-18,21:00,22:00,Carregador Celular,15
2024-06-19,19:00,22:00,PC Gamer,400
2024-06-19,19:00,22:00,Monitor,40
2024-06-19,19:00,21:00,Ar-condicionado,900
2024-06-19,19:00,23:00,Lâmpada LED,10
2024-06-19,00:00,00:00,Roteador Wi-Fi,8
2024-06-19,21:00,23:00,Carregador Celular,15
2024-06-20,19:00,23:00,PC Gamer,400
2024-06-20,19:00,23:00,Monitor,40
2024-06-20,19:00,22:00,Ar-condicionado,900
2024-06-20,19:00,23:00,Lâmpada LED,10
2024-06-20,00:00,00:00,Roteador Wi-Fi,8
2024-06-20,23:00,00:00,Carregador Celular,15
2024-06-21,17:00,20:00,PC Gamer,400
2024-06-21,17:00,20:00,Monitor,40
2024-06-21,20:00,22:00,Ar-condicionado,900
2024-06-21,20:00,01:00,Lâmpada LED,10
2024-06-21,00:00,00:00,Roteador Wi-Fi,8
2024-06-21,23:00,00:00,Carregador Celular,15
2024-06-22,17:00,23:00,PC Gamer,400
2024-06-22,17:00,23:00,Monitor,40
2024-06-22,18:00,22:00,Ar-condicionado,900
2024-06-22,20:00,03:00,Lâmpada LED,10
2024-06-22,00:00,00:00,Roteador Wi-Fi,8
2024-06-22,21:00,22:00,Carregador Celular,15
2024-06-23,19:00,00:00,PC Gamer,400
2024-06-23,19:00,00:00,Monitor,40
2024-06-23,19:00,23:00,Ar-condicionado,900
2024-06-23,20:00,02:00,Lâmpada LED,10
2024-06-23,00:00,00:00,Roteador Wi-Fi,8
2024-06-23,21:00,23:00,Carregador Celular,15
2024-06-24,19:00,23:00,PC Gamer,400
2024-06-24,19:00,23:00,Monitor,40
2024-06-24,20:00,23:00,Ar-condicionado,900
2024-06-24,18:00,22:00,Lâmpada LED,10
2024-06-24,00:00,00:00,Roteador Wi-Fi,8
2024-06-24,23:00,00:00,Carregador Celular,15
2024-06-25,20:00,23:00,PC Gamer,400
2024-06-25,20:00,23:00,Monitor,40
2024-06-25,20:00,23:00,Ar-condicionado,900
2024-06-25,18:00,23:00,Lâmpada LED,10
2024-06-25,00:00,00:00,Roteador Wi-Fi,8
2024-06-25,21:00,23:00,Carregador Celular,15
2024-06-26,19:00,22:00,PC Gamer,400
2024-06-26,19:00,22:00,Monitor,40
2024-06-26,19:00,22:00,Ar-condicionado,900
2024-06-26,19:00,00:00,Lâmpada LED,10
2024-06-26,00:00,00:00,Roteador Wi-Fi,8
2024-06-26,22:00,23:00,Carregador Celular,15
2024-06-27,20:00,00:00,PC Gamer,400
2024-06-27,20:00,00:00,Monitor,40
2024-06-27,19:00,22:00,Ar-condicionado,900
2024-06-27,18:00,22:00,Lâmpada LED,10
2024-06-27,00:00,00:00,Roteador Wi-Fi,8
2024-06-27,22:00,23:00,Carregador Celular,15
2024-06-28,19:00,23:00,PC Gamer,400
2024-06-28,19:00,23:00,Monitor,40
2024-06-28,18:00,21:00,Ar-condicionado,900
2024-06-28,19:00,00:00,Lâmpada LED,10
2024-06-28,00:00,00:00,Roteador Wi-Fi,8
2024-06-28,21:00,23:00,Carregador Celular,15
2024-06-29,20:00,01:00,PC Gamer,400
2024-06-29,20:00,01:00,Monitor,40
2024-06-29,20:00,00:00,Ar-condicionado,900
2024-06-29,18:00,00:00,Lâmpada LED,10
2024-06-29,00:00,00:00,Roteador Wi-Fi,8
2024-06-29,21:00,23:00,Carregador Celular,15
2024-06-30,17:00,22:00,PC Gamer,400
2024-06-30,17:00,23:00,Monitor,40
2024-06-30,18:00,22:00,Ar-condicionado,900
2024-06-30,18:00,00:00,Lâmpada LED,10
2024-06-30,00:00,00:00,Roteador Wi-Fi,8
2024-06-30,21:00,23:00,Carregador Celular,15
2024-07-01,20:00,23:00,PC Gamer,400
2024-07-01,20:00,00:00,Monitor,40
2024-07-01,19:00,21:00,Ar-condicionado,900
2024-07-01,19:00,00:00,Lâmpada LED,10
2024-07-01,00:00,00:00,Roteador Wi-Fi,8
2024-07-01,23:00,01:00,Carregador Celular,15
2024-07-02,19:00,22:00,PC Gamer,400
2024-07-02,19:00,23:00,Monitor,40
2024-07-02,19:00,21:00,Ar-condicionado,900
2024-07-02,19:00,23:00,Lâmpada LED,10
2024-07-02,00:00,00:00,Roteador Wi-Fi,8
2024-07-02,22:00,23:00,Carregador Celular,15
2024-07-03,18:00,22:00,PC Gamer,400
2024-07-03,18:00,21:00,Monitor,40
2024-07-03,20:00,23:00,Ar-condicionado,900
2024-07-03,18:00,22:00,Lâmpada LED,10
2024-07-03,00:00,00:00,Roteador Wi-Fi,8
2024-07-03,21:00,23:00,Carregador Celular,15
2024-07-04,18:00,21:00,PC Gamer,400
2024-07-04,18:00,22:00,Monitor,40
2024-07-04,18:00,20:00,Ar-condicionado,900
2024-07-04,18:00,22:00,Lâmpada LED,10
2024-07-04,00:00,00:00,Roteador Wi-Fi,8
2024-07-04,23:00,01:00,Carregador Celular,15
2024-07-05,18:00,22:00,PC Gamer,400
2024-07-05,18:00,21:00,Monitor,40
2024-07-05,19:00,22:00,Ar-condicionado,900
2024-07-05,20:00,01:00,Lâmpada LED,10
2024-07-05,00:00,00:00,Roteador Wi-Fi,8
2024-07-05,21:00,23:00,Carregador Celular,15
2024-07-06,17:00,22:00,PC Gamer,400
2024-07-06,17:00,23:00,Monitor,40
2024-07-06,18:00,21:00,Ar-condicionado,900
2024-07-06,19:00,02:00,Lâmpada LED,10
2024-07-06,00:00,00:00,Roteador Wi-Fi,8
2024-07-06,21:00,22:00,Carregador Celular,15
2024-07-07,19:00,01:00,PC Gamer,400
2024-07-07,19:00,01:00,Monitor,40
2024-07-07,19:00,23:00,Ar-condicionado,900
2024-07-07,18:00,00:00,Lâmpada LED,10
2024-07-07,00:00,00:00,Roteador Wi-Fi,8
2024-07-07,22:00,23:00,Carregador Celular,15
2024-07-08,17:00,21:00,PC Gamer,400
2024-07-08,17:00,20:00,Monitor,40
2024-07-08,19:00,22:00,Ar-condicionado,900
2024-07-08,18:00,23:00,Lâmpada LED,10
2024-07-08,00:00,00:00,Roteador Wi-Fi,8
2024-07-08,22:00,00:00,Carregador Celular,15
2024-07-09,19:00,22:00,PC Gamer,400
2024-07-09,19:00,23:00,Monitor,40
2024-07-09,18:00,21:00,Ar-condicionado,900
2024-07-09,20:00,00:00,Lâmpada LED,10
2024-07-09,00:00,00:00,Roteador Wi-Fi,8
2024-07-09,23:00,00:00,Carregador Celular,15
2024-07-10,18:00,21:00,PC Gamer,400
2024-07-10,18:00,21:00,Monitor,40
2024-07-10,18:00,21:00,Ar-condicionado,900
2024-07-10,19:00,23:00,Lâmpada LED,10
2024-07-10,00:00,00:00,Roteador Wi-Fi,8
2024-07-10,21:00,22:00,Carregador Celular,15
2024-07-11,20:00,00:00,PC Gamer,400
2024-07-11,20:00,23:00,Monitor,40
2024-07-11,18:00,21:00,Ar-condicionado,900
2024-07-11,18:00,23:00,Lâmpada LED,10
2024-07-11,00:00,00:00,Roteador Wi-Fi,8
2024-07-11,23:00,00:00,Carregador Celular,15
2024-07-12,18:00,21:00,PC Gamer,400
2024-07-12,18:00,21:00,Monitor,40
2024-07-12,19:00,21:00,Ar-condicionado,900
2024-07-12,18:00,22:00,Lâmpada LED,10
2024-07-12,00:00,00:00,Roteador Wi-Fi,8
2024-07-12,23:00,01:00,Carregador Celular,15
2024-07-13,18:00,23:00,PC Gamer,400
2024-07-13,18:00,23:00,Monitor,40
2024-07-13,20:00,00:00,Ar-condicionado,900
2024-07-13,19:00,02:00,Lâmpada LED,10
2024-07-13,00:00,00:00,Roteador Wi-Fi,8
2024-07-13,21:00,22:00,Carregador Celular,15
2024-07-14,19:00,00:00,PC Gamer,400
2024-07-14,19:00,00:00,Monitor,40
2024-07-14,20:00,23:00,Ar-condicionado,900
2024-07-14,19:00,01:00,Lâmpada LED,10
2024-07-14,00:00,00:00,Roteador Wi-Fi,8
2024-07-14,21:00,23:00,Carregador Celular,15
2024-07-15,17:00,21:00,PC Gamer,400
2024-07-15,17:00,21:00,Monitor,40
2024-07-15,20:00,22:00,Ar-condicionado,900
2024-07-15,18:00,22:00,Lâmpada LED,10
2024-07-15,00:00,00:00,Roteador Wi-Fi,8
2024-07-15,21:00,23:00,Carregador Celular,15
2024-07-16,19:00,23:00,PC Gamer,400
2024-07-16,19:00,23:00,Monitor,40
2024-07-16,18:00,20:00,Ar-condicionado,900
2024-07-16,19:00,00:00,Lâmpada LED,10
2024-07-16,00:00,00:00,Roteador Wi-Fi,8
2024-07-16,22:00,23:00,Carregador Celular,15
2024-07-17,20:00,23:00,PC Gamer,400
2024-07-17,20:00,00:00,Monitor,40
2024-07-17,20:00,22:00,Ar-condicionado,900
2024-07-17,19:00,23:00,Lâmpada LED,10
2024-07-17,00:00,00:00,Roteador Wi-Fi,8
2024-07-17,21:00,23:00,Carregador Celular,15
2024-07-18,17:00,21:00,PC Gamer,400
2024-07-18,17:00,20:00,Monitor,40
2024-07-18,20:00,22:00,Ar-condicionado,900
2024-07-18,19:00,00:00,Lâmpada LED,10
2024-07-18,00:00,00:00,Roteador Wi-Fi,8
2024-07-18,21:00,22:00,Carregador Celular,15
2024-07-19,20:00,23:00,PC Gamer,400
2024-07-19,20:00,23:00,Monitor,40
2024-07-19,19:00,22:00,Ar-condicionado,900
2024-07-19,18:00,23:00,Lâmpada LED,10
2024-07-19,00:00,00:00,Roteador Wi-Fi,8
2024-07-19,21:00,23:00,Carregador Celular,15
2024-07-20,20:00,02:00,PC Gamer,400
2024-07-20,20:00,01:00,Monitor,40
2024-07-20,19:00,23:00,Ar-condicionado,900
2024-07-20,20:00,03:00,Lâmpada LED,10
2024-07-20,00:00,00:00,Roteador Wi-Fi,8
2024-07-20,21:00,23:00,Carregador Celular,15
2024-07-21,18:00,00:00,PC Gamer,400
2024-07-21,18:00,23:00,Monitor,40
2024-07-21,18:00,21:00,Ar-condicionado,900
2024-07-21,18:00,00:00,Lâmpada LED,10
2024-07-21,00:00,00:00,Roteador Wi-Fi,8
2024-07-21,21:00,22:00,Carregador Celular,15
2024-07-22,20:00,00:00,PC Gamer,400
2024-07-22,20:00,23:00,Monitor,40
2024-07-22,19:00,21:00,Ar-condicionado,900
2024-07-22,19:00,00:00,Lâmpada LED,10
2024-07-22,00:00,00:00,Roteador Wi-Fi,8
2024-07-22,23:00,00:00,Carregador Celular,15
2024-07-23,17:00,21:00,PC Gamer,400
2024-07-23,17:00,20:00,Monitor,40
2024-07-23,20:00,22:00,Ar-condicionado,900
2024-07-23,18:00,23:00,Lâmpada LED,10
2024-07-23,00:00,00:00,Roteador Wi-Fi,8
2024-07-23,23:00,00:00,Carregador Celular,15
2024-07-24,20:00,23:00,PC Gamer,400
2024-07-24,20:00,23:00,Monitor,40
2024-07-24,18:00,20:00,Ar-condicionado,900
2024-07-24,19:00,23:00,Lâmpada LED,10
2024-07-24,00:00,00:00,Roteador Wi-Fi,8
2024-07-24,22:00,00:00,Carregador Celular,15
2024-07-25,19:00,23:00,PC Gamer,400
2024-07-25,19:00,22:00,Monitor,40
2024-07-25,20:00,23:00,Ar-condicionado,900
2024-07-25,20:00,01:00,Lâmpada LED,10
2024-07-25,00:00,00:00,Roteador Wi-Fi,8
2024-07-25,21:00,22:00,Carregador Celular,15
2024-07-26,17:00,21:00,PC Gamer,400
2024-07-26,17:00,21:00,Monitor,40
2024-07-26,19:00,22:00,Ar-condicionado,900
2024-07-26,20:00,01:00,Lâmpada LED,10
2024-07-26,00:00,00:00,Roteador Wi-Fi,8
2024-07-26,21:00,23:00,Carregador Celular,15
2024-07-27,17:00,22:00,PC Gamer,400
2024-07-27,17:00,23:00,Monitor,40
2024-07-27,18:00,22:00,Ar-condicionado,900
2024-07-27,20:00,03:00,Lâmpada LED,10
2024-07-27,00:00,00:00,Roteador Wi-Fi,8
2024-07-27,21:00,22:00,Carregador Celular,15
2024-07-28,19:00,01:00,PC Gamer,400
2024-07-28,19:00,00:00,Monitor,40
2024-07-28,19:00,22:00,Ar-condicionado,900
2024-07-28,19:00,01:00,Lâmpada LED,10
2024-07-28,00:00,00:00,Roteador Wi-Fi,8
2024-07-28,21:00,23:00,Carregador Celular,15
2024-07-29,18:00,22:00,PC Gamer,400
2024-07-29,18:00,21:00,Monitor,40
2024-07-29,20:00,22:00,Ar-condicionado,900
2024-07-29,18:00,23:00,Lâmpada LED,10
2024-07-29,00:00,00:00,Roteador Wi-Fi,8
2024-07-29,23:00,00:00,Carregador Celular,15
2024-07-30,19:00,23:00,PC Gamer,400
2024-07-30,19:00,23:00,Monitor,40
2024-07-30,19:00,21:00,Ar-condicionado,900
2024-07-30,19:00,23:00,Lâmpada LED,10
2024-07-30,00:00,00:00,Roteador Wi-Fi,8
2024-07-30,21:00,22:00,Carregador Celular,15
2024-07-31,17:00,21:00,PC Gamer,400
2024-07-31,17:00,21:00,Monitor,40
2024-07-31,18:00,21:00,Ar-condicionado,900
2024-07-31,20:00,00:00,Lâmpada LED,10
2024-07-31,00:00,00:00,Roteador Wi-Fi,8
2024-07-31,23:00,00:00,Carregador Celular,15
2024-08-01,19:00,22:00,PC Gamer,400
2024-08-01,19:00,22:00,Monitor,40
2024-08-01,19:00,22:00,Ar-condicionado,900
2024-08-01,19:00,00:00,Lâmpada LED,10
2024-08-01,00:00,00:00,Roteador Wi-Fi,8
2024-08-01,23:00,00:00,Carregador Celular,15
2024-08-02,20:00,23:00,PC Gamer,400
2024-08-02,20:00,00:00,Monitor,40
2024-08-02,19:00,22:00,Ar-condicionado,900
2024-08-02,18:00,23:00,Lâmpada LED,10
2024-08-02,00:00,00:00,Roteador Wi-Fi,8
2024-08-02,23:00,00:00,Carregador Celular,15
2024-08-03,18:00,23:00,PC Gamer,400
2024-08-03,18:00,00:00,Monitor,40
2024-08-03,18:00,22:00,Ar-condicionado,900
2024-08-03,20:00,02:00,Lâmpada LED,10
2024-08-03,00:00,00:00,Roteador Wi-Fi,8
2024-08-03,23:00,01:00,Carregador Celular,15
2024-08-04,20:00,02:00,PC Gamer,400
2024-08-04,20:00,01:00,Monitor,40
2024-08-04,19:00,22:00,Ar-condicionado,900
2024-08-04,20:00,02:00,Lâmpada LED,10
2024-08-04,00:00,00:00,Roteador Wi-Fi,8
2024-08-04,21:00,23:00,Carregador Celular,15
2024-08-05,20:00,23:00,PC Gamer,400
2024-08-05,20:00,00:00,Monitor,40
2024-08-05,20:00,22:00,Ar-condicionado,900
2024-08-05,20:00,01:00,Lâmpada LED,10
2024-08-05,00:00,00:00,Roteador Wi-Fi,8
2024-08-05,22:00,23:00,Carregador Celular,15
2024-08-06,19:00,23:00,PC Gamer,400
2024-08-06,19:00,23:00,Monitor,40
2024-08-06,18:00,20:00,Ar-condicionado,900
2024-08-06,20:00,01:00,Lâmpada LED,10
2024-08-06,00:00,00:00,Roteador Wi-Fi,8
2024-08-06,23:00,00:00,Carregador Celular,15
2024-08-07,19:00,22:00,PC Gamer,400
2024-08-07,19:00,23:00,Monitor,40
2024-08-07,20:00,23:00,Ar-condicionado,900
2024-08-07,19:00,00:00,Lâmpada LED,10
2024-08-07,00:00,00:00,Roteador Wi-Fi,8
2024-08-07,22:00,23:00,Carregador Celular,15
2024-08-08,19:00,22:00,PC Gamer,400
2024-08-08,19:00,23:00,Monitor,40
2024-08-08,20:00,23:00,Ar-condicionado,900
2024-08-08,19:00,23:00,Lâmpada LED,10
2024-08-08,00:00,00:00,Roteador Wi-Fi,8
2024-08-08,22:00,23:00,Carregador Celular,15
2024-08-09,18:00,21:00,PC Gamer,400
2024-08-09,18:00,22:00,Monitor,40
2024-08-09,20:00,23:00,Ar-condicionado,900
2024-08-09,19:00,00:00,Lâmpada LED,10
2024-08-09,00:00,00:00,Roteador Wi-Fi,8
2024-08-09,23:00,00:00,Carregador Celular,15
2024-08-10,18:00,23:00,PC Gamer,400
2024-08-10,18:00,00:00,Monitor,40
2024-08-10,18:00,21:00,Ar-condicionado,900
2024-08-10,19:00,01:00,Lâmpada LED,10
2024-08-10,00:00,00:00,Roteador Wi-Fi,8
2024-08-10,21:00,22:00,Carregador Celular,15
2024-08-11,17:00,22:00,PC Gamer,400
2024-08-11,17:00,22:00,Monitor,40
2024-08-11,20:00,23:00,Ar-condicionado,900
2024-08-11,18:00,00:00,Lâmpada LED,10
2024-08-11,00:00,00:00,Roteador Wi-Fi,8
2024-08-11,21:00,22:00,Carregador Celular,15
2024-08-12,20:00,00:00,PC Gamer,400
2024-08-12,20:00,23:00,Monitor,40
2024-08-12,19:00,21:00,Ar-condicionado,900
2024-08-12,18:00,22:00,Lâmpada LED,10
2024-08-12,00:00,00:00,Roteador Wi-Fi,8
2024-08-12,23:00,01:00,Carregador Celular,15
2024-08-13,19:00,22:00,PC Gamer,400
2024-08-13,19:00,23:00,Monitor,40
2024-08-13,18:00,21:00,Ar-condicionado,900
2024-08-13,18:00,22:00,Lâmpada LED,10
2024-08-13,00:00,00:00,Roteador Wi-Fi,8
2024-08-13,21:00,22:00,Carregador Celular,15
2024-08-14,19:00,23:00,PC Gamer,400
2024-08-14,19:00,23:00,Monitor,40
2024-08-14,20:00,23:00,Ar-condicionado,900
2024-08-14,20:00,00:00,Lâmpada LED,10
2024-08-14,00:00,00:00,Roteador Wi-Fi,8
2024-08-14,23:00,00:00,Carregador Celular,15
2024-08-15,18:00,21:00,PC Gamer,400
2024-08-15,18:00,22:00,Monitor,40
2024-08-15,19:00,21:00,Ar-condicionado,900
2024-08-15,18:00,22:00,Lâmpada LED,10
2024-08-15,00:00,00:00,Roteador Wi-Fi,8
2024-08-15,23:00,00:00,Carregador Celular,15
2024-08-16,20:00,00:00,PC Gamer,400
2024-08-16,20:00,23:00,Monitor,40
2024-08-16,18:00,20:00,Ar-condicionado,900
2024-08-16,19:00,00:00,Lâmpada LED,10
2024-08-16,00:00,00:00,Roteador Wi-Fi,8
2024-08-16,22:00,23:00,Carregador Celular,15
2024-08-17,20:00,01:00,PC Gamer,400
2024-08-17,20:00,02:00,Monitor,40
2024-08-17,20:00,23:00,Ar-condicionado,900
2024-08-17,20:00,02:00,Lâmpada LED,10
2024-08-17,00:00,00:00,Roteador Wi-Fi,8
2024-08-17,22:00,00:00,Carregador Celular,15
2024-08-18,20:00,01:00,PC Gamer,400
2024-08-18,20:00,02:00,Monitor,40
2024-08-18,20:00,00:00,Ar-condicionado,900
2024-08-18,18:00,00:00,Lâmpada LED,10
2024-08-18,00:00,00:00,Roteador Wi-Fi,8
2024-08-18,23:00,01:00,Carregador Celular,15
2024-08-19,19:00,22:00,PC Gamer,400
2024-08-19,19:00,22:00,Monitor,40
2024-08-19,20:00,23:00,Ar-condicionado,900
2024-08-19,19:00,00:00,Lâmpada LED,10
2024-08-19,00:00,00:00,Roteador Wi-Fi,8
2024-08-19,22:00,00:00,Carregador Celular,15
2024-08-20,18:00,22:00,PC Gamer,400
2024-08-20,18:00,22:00,Monitor,40
2024-08-20,19:00,22:00,Ar-condicionado,900
2024-08-20,19:00,00:00,Lâmpada LED,10
2024-08-20,00:00,00:00,Roteador Wi-Fi,8
2024-08-20,22:00,00:00,Carregador Celular,15
2024-08-21,19:00,22:00,PC Gamer,400
2024-08-21,19:00,22:00,Monitor,40
2024-08-21,18:00,20:00,Ar-condicionado,900
2024-08-21,18:00,22:00,Lâmpada LED,10
2024-08-21,00:00,00:00,Roteador Wi-Fi,8
2024-08-21,23:00,00:00,Carregador Celular,15
2024-08-22,19:00,22:00,PC Gamer,400
2024-08-22,19:00,22:00,Monitor,40
2024-08-22,20:00,23:00,Ar-condicionado,900
2024-08-22,20:00,01:00,Lâmpada LED,10
2024-08-22,00:00,00:00,Roteador Wi-Fi,8
2024-08-22,21:00,22:00,Carregador Celular,15
2024-08-23,17:00,20:00,PC Gamer,400
2024-08-23,17:00,21:00,Monitor,40
2024-08-23,18:00,21:00,Ar-condicionado,900
2024-08-23,18:00,23:00,Lâmpada LED,10
2024-08-23,00:00,00:00,Roteador Wi-Fi,8
2024-08-23,21:00,22:00,Carregador Celular,15
2024-08-24,19:00,01:00,PC Gamer,400
2024-08-24,19:00,01:00,Monitor,40
2024-08-24,18:00,21:00,Ar-condicionado,900
2024-08-24,20:00,03:00,Lâmpada LED,10
2024-08-24,00:00,00:00,Roteador Wi-Fi,8
2024-08-24,21:00,22:00,Carregador Celular,15
2024-08-25,17:00,22:00,PC Gamer,400
2024-08-25,17:00,23:00,Monitor,40
2024-08-25,20:00,23:00,Ar-condicionado,900
2024-08-25,20:00,03:00,Lâmpada LED,10
2024-08-25,00:00,00:00,Roteador Wi-Fi,8
2024-08-25,23:00,01:00,Carregador Celular,15
2024-08-26,19:00,22:00,PC Gamer,400
2024-08-26,19:00,22:00,Monitor,40
2024-08-26,18:00,21:00,Ar-condicionado,900
2024-08-26,18:00,23:00,Lâmpada LED,10
2024-08-26,00:00,00:00,Roteador Wi-Fi,8
2024-08-26,21:00,23:00,Carregador Celular,15
2024-08-27,19:00,22:00,PC Gamer,400
2024-08-27,19:00,23:00,Monitor,40
2024-08-27,19:00,22:00,Ar-condicionado,900
2024-08-27,19:00,00:00,Lâmpada LED,10
2024-08-27,00:00,00:00,Roteador Wi-Fi,8
2024-08-27,23:00,00:00,Carregador Celular,15
2024-08-28,20:00,00:00,PC Gamer,400
2024-08-28,20:00,00:00,Monitor,40
2024-08-28,20:00,22:00,Ar-condicionado,900
2024-08-28,20:00,01:00,Lâmpada LED,10
2024-08-28,00:00,00:00,Roteador Wi-Fi,8
2024-08-28,22:00,00:00,Carregador Celular,15
2024-08-29,19:00,23:00,PC Gamer,400
2024-08-29,19:00,22:00,Monitor,40
2024-08-29,18:00,21:00,Ar-condicionado,900
2024-08-29,18:00,22:00,Lâmpada LED,10
2024-08-29,00:00,00:00,Roteador Wi-Fi,8
2024-08-29,22:00,23:00,Carregador Celular,15
2024-08-30,20:00,00:00,PC Gamer,400
2024-08-30,20:00,23:00,Monitor,40
2024-08-30,20:00,22:00,Ar-condicionado,900
2024-08-30,18:00,23:00,Lâmpada LED,10
2024-08-30,00:00,00:00,Roteador Wi-Fi,8
2024-08-30,23:00,01:00,Carregador Celular,15
2024-08-31,19:00,00:00,PC Gamer,400
2024-08-31,19:00,01:00,Monitor,40
2024-08-31,18:00,22:00,Ar-condicionado,900
2024-08-31,19:00,01:00,Lâmpada LED,10
2024-08-31,00:00,00:00,Roteador Wi-Fi,8
2024-08-31,21:00,23:00,Carregador Celular,15
2024-09-01,19:00,00:00,PC Gamer,400
2024-09-01,19:00,01:00,Monitor,40
2024-09-01,18:00,21:00,Ar-condicionado,900
2024-09-01,18:00,01:00,Lâmpada LED,10
2024-09-01,00:00,00:00,Roteador Wi-Fi,8
2024-09-01,23:00,01:00,Carregador Celular,15
2024-09-02,18:00,22:00,PC Gamer,400
2024-09-02,18:00,22:00,Monitor,40
2024-09-02,18:00,20:00,Ar-condicionado,900
2024-09-02,20:00,00:00,Lâmpada LED,10
2024-09-02,00:00,00:00,Roteador Wi-Fi,8
2024-09-02,22:00,00:00,Carregador Celular,15
2024-09-03,18:00,22:00,PC Gamer,400
2024-09-03,18:00,21:00,Monitor,40
2024-09-03,20:00,23:00,Ar-condicionado,900
2024-09-03,19:00,00:00,Lâmpada LED,10
2024-09-03,00:00,00:00,Roteador Wi-Fi,8
2024-09-03,21:00,23:00,Carregador Celular,15
2024-09-04,18:00,21:00,PC Gamer,400
2024-09-04,18:00,22:00,Monitor,40
2024-09-04,18:00,21:00,Ar-condicionado,900
2024-09-04,18:00,23:00,Lâmpada LED,10
2024-09-04,00:00,00:00,Roteador Wi-Fi,8
2024-09-04,23:00,00:00,Carregador Celular,15
2024-09-05,17:00,20:00,PC Gamer,400
2024-09-05,17:00,21:00,Monitor,40
2024-09-05,18:00,20:00,Ar-condicionado,900
2024-09-05,19:00,23:00,Lâmpada LED,10
2024-09-05,00:00,00:00,Roteador Wi-Fi,8
2024-09-05,23:00,00:00,Carregador Celular,15
2024-09-06,20:00,23:00,PC Gamer,400
2024-09-06,20:00,00:00,Monitor,40
2024-09-06,19:00,21:00,Ar-condicionado,900
2024-09-06,19:00,00:00,Lâmpada LED,10
2024-09-06,00:00,00:00,Roteador Wi-Fi,8
2024-09-06,22:00,23:00,Carregador Celular,15
2024-09-07,18:00,00:00,PC Gamer,400
2024-09-07,18:00,00:00,Monitor,40
2024-09-07,18:00,21:00,Ar-condicionado,900
2024-09-07,18:00,00:00,Lâmpada LED,10
2024-09-07,00:00,00:00,Roteador Wi-Fi,8
2024-09-07,23:00,01:00,Carregador Celular,15
2024-09-08,20:00,01:00,PC Gamer,400
2024-09-08,20:00,01:00,Monitor,40
2024-09-08,19:00,22:00,Ar-condicionado,900
2024-09-08,19:00,02:00,Lâmpada LED,10
2024-09-08,00:00,00:00,Roteador Wi-Fi,8
2024-09-08,22:00,23:00,Carregador Celular,15
2024-09-09,20:00,00:00,PC Gamer,400
2024-09-09,20:00,23:00,Monitor,40
2024-09-09,18:00,20:00,Ar-condicionado,900
2024-09-09,20:00,00:00,Lâmpada LED,10
2024-09-09,00:00,00:00,Roteador Wi-Fi,8
2024-09-09,22:00,00:00,Carregador Celular,15
2024-09-10,18:00,21:00,PC Gamer,400
2024-09-10,18:00,21:00,Monitor,40
2024-09-10,19:00,22:00,Ar-condicionado,900
2024-09-10,19:00,00:00,Lâmpada LED,10
2024-09-10,00:00,00:00,Roteador Wi-Fi,8
2024-09-10,21:00,22:00,Carregador Celular,15
2024-09-11,18:00,22:00,PC Gamer,400
2024-09-11,18:00,22:00,Monitor,40
2024-09-11,18:00,20:00,Ar-condicionado,900
2024-09-11,20:00,00:00,Lâmpada LED,10
2024-09-11,00:00,00:00,Roteador Wi-Fi,8
2024-09-11,23:00,00:00,Carregador Celular,15
2024-09-12,18:00,22:00,PC Gamer,400
2024-09-12,18:00,22:00,Monitor,40
2024-09-12,18:00,20:00,Ar-condicionado,900
2024-09-12,19:00,00:00,Lâmpada LED,10
2024-09-12,00:00,00:00,Roteador Wi-Fi,8
2024-09-12,21:00,22:00,Carregador Celular,15
2024-09-13,20:00,23:00,PC Gamer,400
2024-09-13,20:00,00:00,Monitor,40
2024-09-13,19:00,21:00,Ar-condicionado,900
2024-09-13,18:00,23:00,Lâmpada LED,10
2024-09-13,00:00,00:00,Roteador Wi-Fi,8
2024-09-13,22:00,23:00,Carregador Celular,15
2024-09-14,18:00,00:00,PC Gamer,400
2024-09-14,18:00,00:00,Monitor,40
2024-09-14,19:00,22:00,Ar-condicionado,900
2024-09-14,18:00,01:00,Lâmpada LED,10
2024-09-14,00:00,00:00,Roteador Wi-Fi,8
2024-09-14,23:00,00:00,Carregador Celular,15
2024-09-15,19:00,00:00,PC Gamer,400
2024-09-15,19:00,01:00,Monitor,40
2024-09-15,19:00,22:00,Ar-condicionado,900
2024-09-15,19:00,01:00,Lâmpada LED,10
2024-09-15,00:00,00:00,Roteador Wi-Fi,8
2024-09-15,21:00,22:00,Carregador Celular,15
2024-09-16,20:00,00:00,PC Gamer,400
2024-09-16,20:00,23:00,Monitor,40
2024-09-16,19:00,22:00,Ar-condicionado,900
2024-09-16,18:00,23:00,Lâmpada LED,10
2024-09-16,00:00,00:00,Roteador Wi-Fi,8
2024-09-16,22:00,00:00,Carregador Celular,15
2024-09-17,17:00,21:00,PC Gamer,400
2024-09-17,17:00,20:00,Monitor,40
2024-09-17,19:00,21:00,Ar-condicionado,900
2024-09-17,18:00,22:00,Lâmpada LED,10
2024-09-17,00:00,00:00,Roteador Wi-Fi,8
2024-09-17,21:00,22:00,Carregador Celular,15
2024-09-18,18:00,21:00,PC Gamer,400
2024-09-18,18:00,22:00,Monitor,40
2024-09-18,18:00,21:00,Ar-condicionado,900
2024-09-18,20:00,00:00,Lâmpada LED,10
2024-09-18,00:00,00:00,Roteador Wi-Fi,8
2024-09-18,22:00,23:00,Carregador Celular,15
2024-09-19,17:00,21:00,PC Gamer,400
2024-09-19,17:00,21:00,Monitor,40
2024-09-19,18:00,20:00,Ar-condicionado,900
2024-09-19,18:00,22:00,Lâmpada LED,10
2024-09-19,00:00,00:00,Roteador Wi-Fi,8
2024-09-19,23:00,00:00,Carregador Celular,15
2024-09-20,18:00,21:00,PC Gamer,400
2024-09-20,18:00,21:00,Monitor,40
2024-09-20,19:00,21:00,Ar-condicionado,900
2024-09-20,19:00,23:00,Lâmpada LED,10
2024-09-20,00:00,00:00,Roteador Wi-Fi,8
2024-09-20,23:00,00:00,Carregador Celular,15
2024-09-21,18:00,00:00,PC Gamer,400
2024-09-21,18:00,00:00,Monitor,40
2024-09-21,19:00,23:00,Ar-condicionado,900
2024-09-21,19:00,01:00,Lâmpada LED,10
2024-09-21,00:00,00:00,Roteador Wi-Fi,8
2024-09-21,23:00,00:00,Carregador Celular,15
2024-09-22,20:00,01:00,PC Gamer,400
2024-09-22,20:00,02:00,Monitor,40
2024-09-22,19:00,22:00,Ar-condicionado,900
2024-09-22,19:00,02:00,Lâmpada LED,10
2024-09-22,00:00,00:00,Roteador Wi-Fi,8
2024-09-22,22:00,00:00,Carregador Celular,15
2024-09-23,17:00,21:00,PC Gamer,400
2024-09-23,17:00,21:00,Monitor,40
2024-09-23,20:00,23:00,Ar-condicionado,900
2024-09-23,20:00,01:00,Lâmpada LED,10
2024-09-23,00:00,00:00,Roteador Wi-Fi,8
2024-09-23,22:00,23:00,Carregador Celular,15
2024-09-24,18:00,22:00,PC Gamer,400
2024-09-24,18:00,22:00,Monitor,40
2024-09-24,18:00,21:00,Ar-condicionado,900
2024-09-24,20:00,01:00,Lâmpada LED,10
2024-09-24,00:00,00:00,Roteador Wi-Fi,8
2024-09-24,21:00,22:00,Carregador Celular,15
2024-09-25,19:00,22:00,PC Gamer,400
2024-09-25,19:00,22:00,Monitor,40
2024-09-25,18:00,20:00,Ar-condicionado,900
2024-09-25,19:00,00:00,Lâmpada LED,10
2024-09-25,00:00,00:00,Roteador Wi-Fi,8
2024-09-25,21:00,23:00,Carregador Celular,15
2024-09-26,20:00,00:00,PC Gamer,400
2024-09-26,20:00,23:00,Monitor,40
2024-09-26,18:00,21:00,Ar-condicionado,900
2024-09-26,19:00,00:00,Lâmpada LED,10
2024-09-26,00:00,00:00,Roteador Wi-Fi,8
2024-09-26,21:00,22:00,Carregador Celular,15
2024-09-27,20:00,23:00,PC Gamer,400
2024-09-27,20:00,23:00,Monitor,40
2024-09-27,18:00,21:00,Ar-condicionado,900
2024-09-27,20:00,00:00,Lâmpada LED,10
2024-09-27,00:00,00:00,Roteador Wi-Fi,8
2024-09-27,21:00,23:00,Carregador Celular,15
2024-09-28,17:00,22:00,PC Gamer,400
2024-09-28,17:00,23:00,Monitor,40
2024-09-28,18:00,21:00,Ar-condicionado,900
2024-09-28,18:00,00:00,Lâmpada LED,10
2024-09-28,00:00,00:00,Roteador Wi-Fi,8
2024-09-28,23:00,00:00,Carregador Celular,15
2024-09-29,19:00,00:00,PC Gamer,400
2024-09-29,19:00,00:00,Monitor,40
2024-09-29,18:00,22:00,Ar-condicionado,900
2024-09-29,19:00,02:00,Lâmpada LED,10
2024-09-29,00:00,00:00,Roteador Wi-Fi,8
2024-09-29,22:00,23:00,Carregador Celular,15
2024-09-30,20:00,23:00,PC Gamer,400
2024-09-30,20:00,23:00,Monitor,40
2024-09-30,19:00,21:00,Ar-condicionado,900
2024-09-30,18:00,23:00,Lâmpada LED,10
2024-09-30,00:00,00:00,Roteador Wi-Fi,8
2024-09-30,21:00,22:00,Carregador Celular,15
2024-10-01,18:00,22:00,PC Gamer,400
2024-10-01,18:00,21:00,Monitor,40
2024-10-01,18:00,21:00,Ar-condicionado,900
2024-10-01,18:00,22:00,Lâmpada LED,10
2024-10-01,00:00,00:00,Roteador Wi-Fi,8
2024-10-01,23:00,01:00,Carregador Celular,15
2024-10-02,18:00,22:00,PC Gamer,400
2024-10-02,18:00,21:00,Monitor,40
2024-10-02,19:00,21:00,Ar-condicionado,900
2024-10-02,20:00,01:00,Lâmpada LED,10
2024-10-02,00:00,00:00,Roteador Wi-Fi,8
2024-10-02,22:00,00:00,Carregador Celular,15
2024-10-03,18:00,21:00,PC Gamer,400
2024-10-03,18:00,22:00,Monitor,40
2024-10-03,20:00,22:00,Ar-condicionado,900
2024-10-03,19:00,00:00,Lâmpada LED,10
2024-10-03,00:00,00:00,Roteador Wi-Fi,8
2024-10-03,22:00,23:00,Carregador Celular,15
2024-10-04,19:00,23:00,PC Gamer,400
2024-10-04,19:00,22:00,Monitor,40
2024-10-04,20:00,22:00,Ar-condicionado,900
2024-10-04,19:00,00:00,Lâmpada LED,10
2024-10-04,00:00,00:00,Roteador Wi-Fi,8
2024-10-04,23:00,00:00,Carregador Celular,15
2024-10-05,17:00,22:00,PC Gamer,400
2024-10-05,17:00,22:00,Monitor,40
2024-10-05,19:00,22:00,Ar-condicionado,900
2024-10-05,20:00,02:00,Lâmpada LED,10
2024-10-05,00:00,00:00,Roteador Wi-Fi,8
2024-10-05,22:00,23:00,Carregador Celular,15
2024-10-06,19:00,01:00,PC Gamer,400
2024-10-06,19:00,01:00,Monitor,40
2024-10-06,18:00,22:00,Ar-condicionado,900
2024-10-06,19:00,01:00,Lâmpada LED,10
2024-10-06,00:00,00:00,Roteador Wi-Fi,8
2024-10-06,23:00,00:00,Carregador Celular,15
2024-10-07,18:00,22:00,PC Gamer,400
2024-10-07,18:00,22:00,Monitor,40
2024-10-07,18:00,21:00,Ar-condicionado,900
2024-10-07,19:00,23:00,Lâmpada LED,10
2024-10-07,00:00,00:00,Roteador Wi-Fi,8
2024-10-07,23:00,00:00,Carregador Celular,15
2024-10-08,18:00,22:00,PC Gamer,400
2024-10-08,18:00,21:00,Monitor,40
2024-10-08,20:00,23:00,Ar-condicionado,900
2024-10-08,20:00,00:00,Lâmpada LED,10
2024-10-08,00:00,00:00,Roteador Wi-Fi,8
2024-10-08,21:00,22:00,Carregador Celular,15
2024-10-09,17:00,21:00,PC Gamer,400
2024-10-09,17:00,20:00,Monitor,40
2024-10-09,20:00,23:00,Ar-condicionado,900
2024-10-09,19:00,23:00,Lâmpada LED,10
2024-10-09,00:00,00:00,Roteador Wi-Fi,8
2024-10-09,23:00,00:00,Carregador Celular,15
2024-10-10,20:00,00:00,PC Gamer,400
2024-10-10,20:00,23:00,Monitor,40
2024-10-10,18:00,21:00,Ar-condicionado,900
2024-10-10,18:00,22:00,Lâmpada LED,10
2024-10-10,00:00,00:00,Roteador Wi-Fi,8
2024-10-10,22:00,23:00,Carregador Celular,15
2024-10-11,18:00,21:00,PC Gamer,400
2024-10-11,18:00,22:00,Monitor,40
2024-10-11,18:00,20:00,Ar-condicionado,900
2024-10-11,18:00,23:00,Lâmpada LED,10
2024-10-11,00:00,00:00,Roteador Wi-Fi,8
2024-10-11,21:00,23:00,Carregador Celular,15
2024-10-12,17:00,22:00,PC Gamer,400
2024-10-12,17:00,23:00,Monitor,40
2024-10-12,20:00,23:00,Ar-condicionado,900
2024-10-12,20:00,03:00,Lâmpada LED,10
2024-10-12,00:00,00:00,Roteador Wi-Fi,8
2024-10-12,21:00,22:00,Carregador Celular,15
2024-10-13,17:00,23:00,PC Gamer,400
2024-10-13,17:00,23:00,Monitor,40
2024-10-13,19:00,23:00,Ar-condicionado,900
2024-10-13,19:00,02:00,Lâmpada LED,10
2024-10-13,00:00,00:00,Roteador Wi-Fi,8
2024-10-13,21:00,22:00,Carregador Celular,15
2024-10-14,17:00,20:00,PC Gamer,400
2024-10-14,17:00,21:00,Monitor,40
2024-10-14,18:00,20:00,Ar-condicionado,900
2024-10-14,18:00,22:00,Lâmpada LED,10
2024-10-14,00:00,00:00,Roteador Wi-Fi,8
2024-10-14,23:00,00:00,Carregador Celular,15
2024-10-15,18:00,22:00,PC Gamer,400
2024-10-15,18:00,22:00,Monitor,40
2024-10-15,20:00,23:00,Ar-condicionado,900
2024-10-15,18:00,22:00,Lâmpada LED,10
2024-10-15,00:00,00:00,Roteador Wi-Fi,8
2024-10-15,21:00,22:00,Carregador Celular,15
2024-10-16,19:00,23:00,PC Gamer,400
2024-10-16,19:00,23:00,Monitor,40
2024-10-16,19:00,21:00,Ar-condicionado,900
2024-10-16,20:00,01:00,Lâmpada LED,10
2024-10-16,00:00,00:00,Roteador Wi-Fi,8
2024-10-16,22:00,23:00,Carregador Celular,15
2024-10-17,17:00,20:00,PC Gamer,400
2024-10-17,17:00,20:00,Monitor,40
2024-10-17,19:00,21:00,Ar-condicionado,900
2024-10-17,20:00,01:00,Lâmpada LED,10
2024-10-17,00:00,00:00,Roteador Wi-Fi,8
2024-10-17,22:00,23:00,Carregador Celular,15
2024-10-18,18:00,21:00,PC Gamer,400
2024-10-18,18:00,22:00,Monitor,40
2024-10-18,18:00,21:00,Ar-condicionado,900
2024-10-18,19:00,23:00,Lâmpada LED,10
2024-10-18,00:00,00:00,Roteador Wi-Fi,8
2024-10-18,21:00,23:00,Carregador Celular,15
2024-10-19,17:00,22:00,PC Gamer,400
2024-10-19,17:00,22:00,Monitor,40
2024-10-19,20:00,00:00,Ar-condicionado,900
2024-10-19,20:00,03:00,Lâmpada LED,10
2024-10-19,00:00,00:00,Roteador Wi-Fi,8
2024-10-19,23:00,01:00,Carregador Celular,15
2024-10-20,17:00,22:00,PC Gamer,400
2024-10-20,17:00,23:00,Monitor,40
2024-10-20,19:00,22:00,Ar-condicionado,900
2024-10-20,20:00,02:00,Lâmpada LED,10
2024-10-20,00:00,00:00,Roteador Wi-Fi,8
2024-10-20,22:00,00:00,Carregador Celular,15
2024-10-21,20:00,00:00,PC Gamer,400
2024-10-21,20:00,23:00,Monitor,40
2024-10-21,20:00,23:00,Ar-condicionado,900
2024-10-21,18:00,23:00,Lâmpada LED,10
2024-10-21,00:00,00:00,Roteador Wi-Fi,8
2024-10-21,21:00,22:00,Carregador Celular,15
2024-10-22,17:00,20:00,PC Gamer,400
2024-10-22,17:00,20:00,Monitor,40
2024-10-22,19:00,22:00,Ar-condicionado,900
2024-10-22,19:00,00:00,Lâmpada LED,10
2024-10-22,00:00,00:00,Roteador Wi-Fi,8
2024-10-22,23:00,01:00,Carregador Celular,15
2024-10-23,20:00,23:00,PC Gamer,400
2024-10-23,20:00,00:00,Monitor,40
2024-10-23,19:00,22:00,Ar-condicionado,900
2024-10-23,18:00,22:00,Lâmpada LED,10
2024-10-23,00:00,00:00,Roteador Wi-Fi,8
2024-10-23,21:00,22:00,Carregador Celular,15
2024-10-24,17:00,20:00,PC Gamer,400
2024-10-24,17:00,21:00,Monitor,40
2024-10-24,19:00,22:00,Ar-condicionado,900
2024-10-24,20:00,00:00,Lâmpada LED,10
2024-10-24,00:00,00:00,Roteador Wi-Fi,8
2024-10-24,22:00,00:00,Carregador Celular,15
2024-10-25,18:00,21:00,PC Gamer,400
2024-10-25,18:00,22:00,Monitor,40
2024-10-25,19:00,21:00,Ar-condicionado,900
2024-10-25,19:00,23:00,Lâmpada LED,10
2024-10-25,00:00,00:00,Roteador Wi-Fi,8
2024-10-25,22:00,23:00,Carregador Celular,15
2024-10-26,18:00,23:00,PC Gamer,400
2024-10-26,18:00,23:00,Monitor,40
2024-10-26,18:00,21:00,Ar-condicionado,900
2024-10-26,18:00,00:00,Lâmpada LED,10
2024-10-26,00:00,00:00,Roteador Wi-Fi,8
2024-10-26,22:00,23:00,Carregador Celular,15
2024-10-27,18:00,23:00,PC Gamer,400
2024-10-27,18:00,00:00,Monitor,40
2024-10-27,19:00,22:00,Ar-condicionado,900
2024-10-27,19:00,02:00,Lâmpada LED,10
2024-10-27,00:00,00:00,Roteador Wi-Fi,8
2024-10-27,21:00,22:00,Carregador Celular,15
2024-10-28,17:00,20:00,PC Gamer,400
2024-10-28,17:00,21:00,Monitor,40
2024-10-28,18:00,20:00,Ar-condicionado,900
2024-10-28,20:00,01:00,Lâmpada LED,10
2024-10-28,00:00,00:00,Roteador Wi-Fi,8
2024-10-28,23:00,01:00,Carregador Celular,15
2024-10-29,18:00,21:00,PC Gamer,400
2024-10-29,18:00,22:00,Monitor,40
2024-10-29,20:00,22:00,Ar-condicionado,900
2024-10-29,20:00,01:00,Lâmpada LED,10
2024-10-29,00:00,00:00,Roteador Wi-Fi,8
2024-10-29,23:00,01:00,Carregador Celular,15
2024-10-30,19:00,22:00,PC Gamer,400
2024-10-30,19:00,23:00,Monitor,40
2024-10-30,20:00,23:00,Ar-condicionado,900
2024-10-30,20:00,01:00,Lâmpada LED,10
2024-10-30,00:00,00:00,Roteador Wi-Fi,8
2024-10-30,23:00,00:00,Carregador Celular,15
2024-10-31,19:00,23:00,PC Gamer,400
2024-10-31,19:00,22:00,Monitor,40
2024-10-31,18:00,21:00,Ar-condicionado,900
2024-10-31,20:00,00:00,Lâmpada LED,10
2024-10-31,00:00,00:00,Roteador Wi-Fi,8
2024-10-31,22:00,23:00,Carregador Celular,15
2024-11-01,18:00,21:00,PC Gamer,400
2024-11-01,18:00,22:00,Monitor,40
2024-11-01,19:00,21:00,Ar-condicionado,900
2024-11-01,19:00,00:00,Lâmpada LED,10
2024-11-01,00:00,00:00,Roteador Wi-Fi,8
2024-11-01,22:00,00:00,Carregador Celular,15
2024-11-02,20:00,02:00,PC Gamer,400
2024-11-02,20:00,01:00,Monitor,40
2024-11-02,20:00,00:00,Ar-condicionado,900
2024-11-02,18:00,00:00,Lâmpada LED,10
2024-11-02,00:00,00:00,Roteador Wi-Fi,8
2024-11-02,21:00,22:00,Carregador Celular,15
2024-11-03,18:00,00:00,PC Gamer,400
2024-11-03,18:00,00:00,Monitor,40
2024-11-03,19:00,23:00,Ar-condicionado,900
2024-11-03,20:00,02:00,Lâmpada LED,10
2024-11-03,00:00,00:00,Roteador Wi-Fi,8
2024-11-03,23:00,00:00,Carregador Celular,15
2024-11-04,17:00,21:00,PC Gamer,400
2024-11-04,17:00,20:00,Monitor,40
2024-11-04,18:00,21:00,Ar-condicionado,900
2024-11-04,20:00,00:00,Lâmpada LED,10
2024-11-04,00:00,00:00,Roteador Wi-Fi,8
2024-11-04,22:00,00:00,Carregador Celular,15
2024-11-05,20:00,23:00,PC Gamer,400
2024-11-05,20:00,23:00,Monitor,40
2024-11-05,20:00,23:00,Ar-condicionado,900
2024-11-05,20:00,00:00,Lâmpada LED,10
2024-11-05,00:00,00:00,Roteador Wi-Fi,8
2024-11-05,23:00,01:00,Carregador Celular,15
2024-11-06,19:00,22:00,PC Gamer,400
2024-11-06,19:00,23:00,Monitor,40
2024-11-06,20:00,23:00,Ar-condicionado,900
2024-11-06,19:00,00:00,Lâmpada LED,10
2024-11-06,00:00,00:00,Roteador Wi-Fi,8
2024-11-06,21:00,22:00,Carregador Celular,15
2024-11-07,20:00,23:00,PC Gamer,400
2024-11-07,20:00,23:00,Monitor,40
2024-11-07,19:00,21:00,Ar-condicionado,900
2024-11-07,19:00,00:00,Lâmpada LED,10
2024-11-07,00:00,00:00,Roteador Wi-Fi,8
2024-11-07,22:00,23:00,Carregador Celular,15
2024-11-08,17:00,21:00,PC Gamer,400
2024-11-08,17:00,20:00,Monitor,40
2024-11-08,18:00,21:00,Ar-condicionado,900
2024-11-08,18:00,23:00,Lâmpada LED,10
2024-11-08,00:00,00:00,Roteador Wi-Fi,8
2024-11-08,22:00,00:00,Carregador Celular,15
2024-11-09,19:00,00:00,PC Gamer,400
2024-11-09,19:00,01:00,Monitor,40
2024-11-09,20:00,00:00,Ar-condicionado,900
2024-11-09,18:00,01:00,Lâmpada LED,10
2024-11-09,00:00,00:00,Roteador Wi-Fi,8
2024-11-09,23:00,01:00,Carregador Celular,15
2024-11-10,18:00,23:00,PC Gamer,400
2024-11-10,18:00,23:00,Monitor,40
2024-11-10,19:00,22:00,Ar-condicionado,900
2024-11-10,18:00,00:00,Lâmpada LED,10
2024-11-10,00:00,00:00,Roteador Wi-Fi,8
2024-11-10,21:00,23:00,Carregador Celular,15
2024-11-11,17:00,21:00,PC Gamer,400
2024-11-11,17:00,21:00,Monitor,40
2024-11-11,19:00,21:00,Ar-condicionado,900
2024-11-11,20:00,01:00,Lâmpada LED,10
2024-11-11,00:00,00:00,Roteador Wi-Fi,8
2024-11-11,21:00,22:00,Carregador Celular,15
2024-11-12,17:00,21:00,PC Gamer,400
2024-11-12,17:00,21:00,Monitor,40
2024-11-12,18:00,20:00,Ar-condicionado,900
2024-11-12,20:00,00:00,Lâmpada LED,10
2024-11-12,00:00,00:00,Roteador Wi-Fi,8
2024-11-12,21:00,22:00,Carregador Celular,15
2024-11-13,19:00,22:00,PC Gamer,400
2024-11-13,19:00,22:00,Monitor,40
2024-11-13,20:00,22:00,Ar-condicionado,900
2024-11-13,20:00,00:00,Lâmpada LED,10
2024-11-13,00:00,00:00,Roteador Wi-Fi,8
2024-11-13,22:00,23:00,Carregador Celular,15
2024-11-14,18:00,21:00,PC Gamer,400
2024-11-14,18:00,22:00,Monitor,40
2024-11-14,18:00,20:00,Ar-condicionado,900
2024-11-14,18:00,23:00,Lâmpada LED,10
2024-11-14,00:00,00:00,Roteador Wi-Fi,8
2024-11-14,23:00,00:00,Carregador Celular,15
2024-11-15,17:00,21:00,PC Gamer,400
2024-11-15,17:00,20:00,Monitor,40
2024-11-15,18:00,20:00,Ar-condicionado,900
2024-11-15,20:00,00:00,Lâmpada LED,10
2024-11-15,00:00,00:00,Roteador Wi-Fi,8
2024-11-15,21:00,22:00,Carregador Celular,15
2024-11-16,17:00,23:00,PC Gamer,400
2024-11-16,17:00,23:00,Monitor,40
2024-11-16,19:00,22:00,Ar-condicionado,900
2024-11-16,20:00,02:00,Lâmpada LED,10
2024-11-16,00:00,00:00,Roteador Wi-Fi,8
2024-11-16,21:00,22:00,Carregador Celular,15
2024-11-17,19:00,00:00,PC Gamer,400
2024-11-17,19:00,00:00,Monitor,40
2024-11-17,18:00,21:00,Ar-condicionado,900
2024-11-17,20:00,03:00,Lâmpada LED,10
2024-11-17,00:00,00:00,Roteador Wi-Fi,8
2024-11-17,23:00,00:00,Carregador Celular,15
2024-11-18,19:00,22:00,PC Gamer,400
2024-11-18,19:00,23:00,Monitor,40
2024-11-18,19:00,21:00,Ar-condicionado,900
2024-11-18,20:00,00:00,Lâmpada LED,10
2024-11-18,00:00,00:00,Roteador Wi-Fi,8
2024-11-18,22:00,23:00,Carregador Celular,15
2024-11-19,19:00,23:00,PC Gamer,400
2024-11-19,19:00,23:00,Monitor,40
2024-11-19,20:00,23:00,Ar-condicionado,900
2024-11-19,20:00,01:00,Lâmpada LED,10
2024-11-19,00:00,00:00,Roteador Wi-Fi,8
2024-11-19,23:00,00:00,Carregador Celular,15
2024-11-20,19:00,22:00,PC Gamer,400
2024-11-20,19:00,22:00,Monitor,40
2024-11-20,18:00,21:00,Ar-condicionado,900
2024-11-20,19:00,00:00,Lâmpada LED,10
2024-11-20,00:00,00:00,Roteador Wi-Fi,8
2024-11-20,21:00,22:00,Carregador Celular,15
2024-11-21,17:00,20:00,PC Gamer,400
2024-11-21,17:00,21:00,Monitor,40
2024-11-21,18:00,20:00,Ar-condicionado,900
2024-11-21,20:00,01:00,Lâmpada LED,10
2024-11-21,00:00,00:00,Roteador Wi-Fi,8
2024-11-21,23:00,00:00,Carregador Celular,15
2024-11-22,18:00,22:00,PC Gamer,400
2024-11-22,18:00,21:00,Monitor,40
2024-11-22,20:00,22:00,Ar-condicionado,900
2024-11-22,19:00,00:00,Lâmpada LED,10
2024-11-22,00:00,00:00,Roteador Wi-Fi,8
2024-11-22,21:00,22:00,Carregador Celular,15
2024-11-23,17:00,23:00,PC Gamer,400
2024-11-23,17:00,23:00,Monitor,40
2024-11-23,18:00,22:00,Ar-condicionado,900
2024-11-23,19:00,01:00,Lâmpada LED,10
2024-11-23,00:00,00:00,Roteador Wi-Fi,8
2024-11-23,22:00,00:00,Carregador Celular,15
2024-11-24,17:00,22:00,PC Gamer,400
2024-11-24,17:00,22:00,Monitor,40
2024-11-24,18:00,21:00,Ar-condicionado,900
2024-11-24,19:00,02:00,Lâmpada LED,10
2024-11-24,00:00,00:00,Roteador Wi-Fi,8
2024-11-24,23:00,01:00,Carregador Celular,15
2024-11-25,17:00,21:00,PC Gamer,400
2024-11-25,17:00,21:00,Monitor,40
2024-11-25,18:00,20:00,Ar-condicionado,900
2024-11-25,20:00,00:00,Lâmpada LED,10
2024-11-25,00:00,00:00,Roteador Wi-Fi,8
2024-11-25,23:00,00:00,Carregador Celular,15
2024-11-26,17:00,20:00,PC Gamer,400
2024-11-26,17:00,21:00,Monitor,40
2024-11-26,19:00,21:00,Ar-condicionado,900
2024-11-26,20:00,01:00,Lâmpada LED,10
2024-11-26,00:00,00:00,Roteador Wi-Fi,8
2024-11-26,23:00,00:00,Carregador Celular,15
2024-11-27,19:00,22:00,PC Gamer,400
2024-11-27,19:00,23:00,Monitor,40
2024-11-27,20:00,23:00,Ar-condicionado,900
2024-11-27,19:00,00:00,Lâmpada LED,10
2024-11-27,00:00,00:00,Roteador Wi-Fi,8
2024-11-27,23:00,01:00,Carregador Celular,15
2024-11-28,18:00,22:00,PC Gamer,400
2024-11-28,18:00,22:00,Monitor,40
2024-11-28,20:00,23:00,Ar-condicionado,900
2024-11-28,20:00,00:00,Lâmpada LED,10
2024-11-28,00:00,00:00,Roteador Wi-Fi,8
2024-11-28,22:00,00:00,Carregador Celular,15
2024-11-29,20:00,23:00,PC Gamer,400
2024-11-29,20:00,23:00,Monitor,40
2024-11-29,20:00,23:00,Ar-condicionado,900
2024-11-29,19:00,00:00,Lâmpada LED,10
2024-11-29,00:00,00:00,Roteador Wi-Fi,8
2024-11-29,21:00,23:00,Carregador Celular,15
2024-11-30,17:00,22:00,PC Gamer,400
2024-11-30,17:00,23:00,Monitor,40
2024-11-30,20:00,23:00,Ar-condicionado,900
2024-11-30,20:00,03:00,Lâmpada LED,10
2024-11-30,00:00,00:00,Roteador Wi-Fi,8
2024-11-30,21:00,22:00,Carregador Celular,15
2024-12-01,19:00,00:00,PC Gamer,400
2024-12-01,19:00,01:00,Monitor,40
2024-12-01,20:00,23:00,Ar-condicionado,900
2024-12-01,20:00,02:00,Lâmpada LED,10
2024-12-01,00:00,00:00,Roteador Wi-Fi,8
2024-12-01,21:00,22:00,Carregador Celular,15
2024-12-02,17:00,20:00,PC Gamer,400
2024-12-02,17:00,20:00,Monitor,40
2024-12-02,19:00,21:00,Ar-condicionado,900
2024-12-02,19:00,23:00,Lâmpada LED,10
2024-12-02,00:00,00:00,Roteador Wi-Fi,8
2024-12-02,22:00,23:00,Carregador Celular,15
2024-12-03,18:00,21:00,PC Gamer,400
2024-12-03,18:00,21:00,Monitor,40
2024-12-03,18:00,20:00,Ar-condicionado,900
2024-12-03,19:00,00:00,Lâmpada LED,10
2024-12-03,00:00,00:00,Roteador Wi-Fi,8
2024-12-03,21:00,22:00,Carregador Celular,15
2024-12-04,18:00,21:00,PC Gamer,400
2024-12-04,18:00,21:00,Monitor,40
2024-12-04,20:00,23:00,Ar-condicionado,900
2024-12-04,19:00,00:00,Lâmpada LED,10
2024-12-04,00:00,00:00,Roteador Wi-Fi,8
2024-12-04,23:00,01:00,Carregador Celular,15
2024-12-05,20:00,00:00,PC Gamer,400
2024-12-05,20:00,00:00,Monitor,40
2024-12-05,20:00,22:00,Ar-condicionado,900
2024-12-05,19:00,23:00,Lâmpada LED,10
2024-12-05,00:00,00:00,Roteador Wi-Fi,8
2024-12-05,22:00,00:00,Carregador Celular,15
2024-12-06,20:00,23:00,PC Gamer,400
2024-12-06,20:00,23:00,Monitor,40
2024-12-06,20:00,22:00,Ar-condicionado,900
2024-12-06,18:00,23:00,Lâmpada LED,10
2024-12-06,00:00,00:00,Roteador Wi-Fi,8
2024-12-06,23:00,00:00,Carregador Celular,15
2024-12-07,20:00,01:00,PC Gamer,400
2024-12-07,20:00,01:00,Monitor,40
2024-12-07,18:00,22:00,Ar-condicionado,900
2024-12-07,20:00,03:00,Lâmpada LED,10
2024-12-07,00:00,00:00,Roteador Wi-Fi,8
2024-12-07,23:00,00:00,Carregador Celular,15
2024-12-08,18:00,23:00,PC Gamer,400
2024-12-08,18:00,00:00,Monitor,40
2024-12-08,19:00,23:00,Ar-condicionado,900
2024-12-08,19:00,01:00,Lâmpada LED,10
2024-12-08,00:00,00:00,Roteador Wi-Fi,8
2024-12-08,23:00,00:00,Carregador Celular,15
2024-12-09,18:00,22:00,PC Gamer,400
2024-12-09,18:00,21:00,Monitor,40
2024-12-09,19:00,22:00,Ar-condicionado,900
2024-12-09,20:00,00:00,Lâmpada LED,10
2024-12-09,00:00,00:00,Roteador Wi-Fi,8
2024-12-09,22:00,00:00,Carregador Celular,15
2024-12-10,17:00,21:00,PC Gamer,400
2024-12-10,17:00,21:00,Monitor,40
2024-12-10,19:00,22:00,Ar-condicionado,900
2024-12-10,20:00,01:00,Lâmpada LED,10
2024-12-10,00:00,00:00,Roteador Wi-Fi,8
2024-12-10,21:00,22:00,Carregador Celular,15
2024-12-11,20:00,23:00,PC Gamer,400
2024-12-11,20:00,00:00,Monitor,40
2024-12-11,19:00,22:00,Ar-condicionado,900
2024-12-11,18:00,22:00,Lâmpada LED,10
2024-12-11,00:00,00:00,Roteador Wi-Fi,8
2024-12-11,21:00,23:00,Carregador Celular,15
2024-12-12,20:00,00:00,PC Gamer,400
2024-12-12,20:00,23:00,Monitor,40
2024-12-12,18:00,20:00,Ar-condicionado,900
2024-12-12,19:00,00:00,Lâmpada LED,10
2024-12-12,00:00,00:00,Roteador Wi-Fi,8
2024-12-12,21:00,22:00,Carregador Celular,15
2024-12-13,17:00,20:00,PC Gamer,400
2024-12-13,17:00,21:00,Monitor,40
2024-12-13,20:00,23:00,Ar-condicionado,900
2024-12-13,19:00,00:00,Lâmpada LED,10
2024-12-13,00:00,00:00,Roteador Wi-Fi,8
2024-12-13,22:00,00:00,Carregador Celular,15
2024-12-14,17:00,23:00,PC Gamer,400
2024-12-14,17:00,23:00,Monitor,40
2024-12-14,19:00,22:00,Ar-condicionado,900
2024-12-14,19:00,01:00,Lâmpada LED,10
2024-12-14,00:00,00:00,Roteador Wi-Fi,8
2024-12-14,22:00,23:00,Carregador Celular,15
2024-12-15,18:00,23:00,PC Gamer,400
2024-12-15,18:00,23:00,Monitor,40
2024-12-15,20:00,23:00,Ar-condicionado,900
2024-12-15,18:00,00:00,Lâmpada LED,10
2024-12-15,00:00,00:00,Roteador Wi-Fi,8
2024-12-15,23:00,00:00,Carregador Celular,15
2024-12-16,19:00,23:00,PC Gamer,400
2024-12-16,19:00,22:00,Monitor,40
2024-12-16,20:00,23:00,Ar-condicionado,900
2024-12-16,20:00,00:00,Lâmpada LED,10
2024-12-16,00:00,00:00,Roteador Wi-Fi,8
2024-12-16,21:00,23:00,Carregador Celular,15
2024-12-17,20:00,23:00,PC Gamer,400
2024-12-17,20:00,00:00,Monitor,40
2024-12-17,19:00,22:00,Ar-condicionado,900
2024-12-17,20:00,01:00,Lâmpada LED,10
2024-12-17,00:00,00:00,Roteador Wi-Fi,8
2024-12-17,23:00,00:00,Carregador Celular,15
2024-12-18,17:00,21:00,PC Gamer,400
2024-12-18,17:00,21:00,Monitor,40
2024-12-18,19:00,21:00,Ar-condicionado,900
2024-12-18,20:00,01:00,Lâmpada LED,10
2024-12-18,00:00,00:00,Roteador Wi-Fi,8
2024-12-18,22:00,23:00,Carregador Celular,15
2024-12-19,18:00,22:00,PC Gamer,400
2024-12-19,18:00,21:00,Monitor,40
2024-12-19,19:00,22:00,Ar-condicionado,900
2024-12-19,19:00,00:00,Lâmpada LED,10
2024-12-19,00:00,00:00,Roteador Wi-Fi,8
2024-12-19,21:00,23:00,Carregador Celular,15
2024-12-20,19:00,23:00,PC Gamer,400
2024-12-20,19:00,23:00,Monitor,40
2024-12-20,20:00,22:00,Ar-condicionado,900
2024-12-20,20:00,00:00,Lâmpada LED,10
2024-12-20,00:00,00:00,Roteador Wi-Fi,8
2024-12-20,22:00,23:00,Carregador Celular,15
2024-12-21,18:00,00:00,PC Gamer,400
2024-12-21,18:00,00:00,Monitor,40
2024-12-21,20:00,23:00,Ar-condicionado,900
2024-12-21,19:00,01:00,Lâmpada LED,10
2024-12-21,00:00,00:00,Roteador Wi-Fi,8
2024-12-21,23:00,01:00,Carregador Celular,15
2024-12-22,19:00,00:00,PC Gamer,400
2024-12-22,19:00,00:00,Monitor,40
2024-12-22,19:00,23:00,Ar-condicionado,900
2024-12-22,20:00,02:00,Lâmpada LED,10
2024-12-22,00:00,00:00,Roteador Wi-Fi,8
2024-12-22,21:00,22:00,Carregador Celular,15
2024-12-23,17:00,20:00,PC Gamer,400
2024-12-23,17:00,20:00,Monitor,40
2024-12-23,20:00,22:00,Ar-condicionado,900
2024-12-23,19:00,00:00,Lâmpada LED,10
2024-12-23,00:00,00:00,Roteador Wi-Fi,8
2024-12-23,22:00,23:00,Carregador Celular,15
2024-12-24,20:00,00:00,PC Gamer,400
2024-12-24,20:00,00:00,Monitor,40
2024-12-24,18:00,21:00,Ar-condicionado,900
2024-12-24,20:00,01:00,Lâmpada LED,10
2024-12-24,00:00,00:00,Roteador Wi-Fi,8
2024-12-24,22:00,23:00,Carregador Celular,15
2024-12-25,17:00,21:00,PC Gamer,400
2024-12-25,17:00,21:00,Monitor,40
2024-12-25,18:00,20:00,Ar-condicionado,900
2024-12-25,20:00,00:00,Lâmpada LED,10
2024-12-25,00:00,00:00,Roteador Wi-Fi,8
2024-12-25,21:00,22:00,Carregador Celular,15
2024-12-26,19:00,23:00,PC Gamer,400
2024-12-26,19:00,23:00,Monitor,40
2024-12-26,19:00,22:00,Ar-condicionado,900
2024-12-26,20:00,00:00,Lâmpada LED,10
2024-12-26,00:00,00:00,Roteador Wi-Fi,8
2024-12-26,22:00,23:00,Carregador Celular,15
2024-12-27,18:00,22:00,PC Gamer,400
2024-12-27,18:00,21:00,Monitor,40
2024-12-27,20:00,22:00,Ar-condicionado,900
2024-12-27,20:00,01:00,Lâmpada LED,10
2024-12-27,00:00,00:00,Roteador Wi-Fi,8
2024-12-27,23:00,01:00,Carregador Celular,15
2024-12-28,20:00,02:00,PC Gamer,400
2024-12-28,20:00,02:00,Monitor,40
2024-12-28,20:00,23:00,Ar-condicionado,900
2024-12-28,19:00,02:00,Lâmpada LED,10
2024-12-28,00:00,00:00,Roteador Wi-Fi,8
2024-12-28,22:00,00:00,Carregador Celular,15
2024-12-29,20:00,01:00,PC Gamer,400
2024-12-29,20:00,01:00,Monitor,40
2024-12-29,19:00,23:00,Ar-condicionado,900
2024-12-29,20:00,03:00,Lâmpada LED,10
2024-12-29,00:00,00:00,Roteador Wi-Fi,8
2024-12-29,23:00,00:00,Carregador Celular,15
2024-12-30,20:00,00:00,PC Gamer,400
2024-12-30,20:00,00:00,Monitor,40
2024-12-30,19:00,22:00,Ar-condicionado,900
2024-12-30,20:00,01:00,Lâmpada LED,10
2024-12-30,00:00,00:00,Roteador Wi-Fi,8
2024-12-30,23:00,00:00,Carregador Celular,15
